wcos,ccos,lsa,ngram4,shingle3,bm25n,a_num,a_rel,a_tgt,a_ent,a_ans,predates,a_num_x,a_rel_x,a_tgt_x,a_ent_x
0.07672824431224727,0.06800956754751669,0.8051781952231859,0.08333333333333333,0.0273224043715847,0.18685989256833194,0.0,0.0,1.0,1.0,0.0,1.0,0.0,0.0,1.0,1.0
0.07060622490372005,0.0740798841637807,0.6323663901891243,0.08333333333333333,0.029411764705882353,0.12913514199731807,0.0,0.0,1.0,1.0,0.0,1.0,0.0,0.0,1.0,1.0
0.08511837410759586,0.11564069886126607,0.757178407880632,0.08333333333333333,0.043859649122807015,0.1521977370807886,0.0,0.0,1.0,1.0,0.0,1.0,0.0,0.0,1.0,1.0
0.8612162330976119,0.8369667785050819,0.9842206521198343,0.6166666666666667,0.47058823529411764,0.8436609319935282,1.0,1.0,0.0,1.0,0.0,1.0,1.0,1.0,0.0,1.0
0.691511933984815,0.6579454160701614,0.884059417782963,0.34782608695652173,0.2835820895522388,0.6932911177790692,1.0,0.5,0.0,0.0,0.0,1.0,1.0,0.0,0.0,0.0
0.8487904635244307,0.4447014167570304,0.976273693113027,0.3953488372093023,0.2857142857142857,0.6909834426670926,1.0,1.0,0.6666666666666666,1.0,0.0,1.0,1.0,1.0,0.0,1.0
0.7088142942666616,0.7708900459327029,0.9065762242702728,0.41379310344827586,0.23015873015873015,0.7328049025911836,1.0,1.0,0.2222222222222222,1.0,0.0,1.0,1.0,1.0,0.0,1.0
0.8336687976114041,0.8213187518080597,0.9809095728611114,0.5319148936170213,0.3409090909090909,0.8014507465880963,1.0,1.0,0.6,1.0,0.0,1.0,1.0,1.0,0.0,1.0
0.6647022475694595,0.6719673948042316,0.9193001083942823,0.36363636363636365,0.23943661971830985,0.6557674587539105,1.0,1.0,1.0,1.0,0.0,1.0,1.0,1.0,1.0,1.0
0.9268164595278284,0.8417608622741906,0.9905001504887938,0.6,0.4084507042253521,0.9223544896666281,1.0,1.0,1.0,1.0,0.0,1.0,1.0,1.0,1.0,1.0
0.57868878128677,0.6093812252978338,0.9269771558894373,0.23333333333333334,0.09782608695652174,0.42339227474108243,1.0,0.0,0.0,1.0,0.0,1.0,1.0,0.0,0.0,1.0
0.9022784492046361,0.795098801039754,0.9794137928340392,0.38461538461538464,0.14814814814814814,0.6305742730535514,1.0,1.0,0.5,1.0,0.0,1.0,1.0,1.0,0.0,1.0
0.9224423067994123,0.8102867671068417,0.9686871362473717,0.6363636363636364,0.2727272727272727,0.634650840897153,1.0,1.0,0.0,1.0,0.0,1.0,1.0,1.0,0.0,1.0
0.770057149707227,0.7381688968676176,0.9283422900688189,0.43902439024390244,0.275,0.727148517693777,1.0,1.0,0.2,1.0,0.0,1.0,1.0,1.0,0.0,1.0
0.9475988623917376,0.8486910518100327,0.9978157818492286,0.7037037037037037,0.3508771929824561,0.7978041276633432,1.0,1.0,0.0,1.0,0.0,1.0,1.0,1.0,0.0,1.0
0.6736265332726985,0.6927815506142176,0.9141218889817215,0.35294117647058826,0.25471698113207547,0.5511653455922416,1.0,0.0,0.1111111111111111,1.0,0.0,1.0,1.0,0.0,0.0,1.0
0.8869696964819611,0.8196213956635475,0.9822937289565771,0.4791666666666667,0.2761904761904762,0.7456451825406943,1.0,1.0,1.0,1.0,0.0,1.0,1.0,1.0,1.0,1.0
0.8492346757023996,0.7663895237270355,0.98252367044855,0.5869565217391305,0.3595505617977528,0.7695768255883548,1.0,1.0,1.0,1.0,1.0,1.0,1.0,1.0,1.0,1.0
0.6781537757010211,0.7275772695876297,0.9199749700171233,0.2,0.08450704225352113,0.5938734118056151,1.0,1.0,0.5,1.0,0.0,1.0,1.0,1.0,0.0,1.0
0.6809962626406866,0.7093472524663895,0.971011950468127,0.49230769230769234,0.22875816993464052,0.6114664913447676,1.0,1.0,0.0,1.0,0.0,1.0,1.0,1.0,0.0,1.0
0.5662521008934883,0.497410406770972,0.8773401363724821,0.21428571428571427,0.11956521739130435,0.3560082290714539,1.0,1.0,0.0,1.0,1.0,1.0,1.0,1.0,0.0,1.0
0.8889238544840747,0.8414787862181248,0.9390861189874824,0.3333333333333333,0.125,0.7626160679774625,1.0,1.0,1.0,1.0,0.0,1.0,1.0,1.0,1.0,1.0
0.8508235298590174,0.820653212031441,0.988883413383585,0.4528301886792453,0.29896907216494845,0.7620466082223841,1.0,0.0,0.25,1.0,0.0,1.0,1.0,0.0,0.0,1.0
0.9087002024359352,0.8270749406857115,0.9899433285521041,0.5476190476190477,0.20610687022900764,0.7226155713906643,1.0,1.0,1.0,1.0,0.0,1.0,1.0,1.0,1.0,1.0
0.8816801185480024,0.7477925677876478,0.9668388399211832,0.46,0.2636363636363636,0.8394731241899597,1.0,1.0,1.0,1.0,0.0,1.0,1.0,1.0,1.0,1.0
0.7376494533604513,0.769382075370216,0.948399268546671,0.4067796610169492,0.313953488372093,0.6981114474645492,1.0,0.5,0.0,1.0,0.0,1.0,1.0,0.0,0.0,1.0
0.9197668430237987,0.8998154111029957,0.9937506513376257,0.5961538461538461,0.29357798165137616,1.0,1.0,1.0,0.9,1.0,0.0,1.0,1.0,1.0,0.0,1.0
0.7659352608576928,0.8081470112171477,0.9747352626946459,0.3924050632911392,0.22580645161290322,0.6933396395739451,1.0,1.0,0.2,1.0,0.0,1.0,1.0,1.0,0.0,1.0
0.8409075467748809,0.8085553945577663,0.9669760922320265,0.8823529411764706,0.28402366863905326,0.8245064968849518,1.0,1.0,0.8333333333333334,1.0,0.0,1.0,1.0,1.0,0.0,1.0
0.7979387961540881,0.6935207390635767,0.9581934835539652,0.4166666666666667,0.2247191011235955,0.6687818507339278,1.0,1.0,1.0,1.0,0.0,1.0,1.0,1.0,1.0,1.0
0.6744411462834361,0.6256103144497477,0.8571758033528515,0.31666666666666665,0.22580645161290322,0.5299749168674412,1.0,1.0,0.125,1.0,0.0,1.0,1.0,1.0,0.0,1.0
0.49559273554023014,0.6749021006515419,0.7466390648049985,0.1794871794871795,0.10843373493975904,0.5545187325440076,1.0,1.0,0.3333333333333333,1.0,0.0,1.0,1.0,1.0,0.0,1.0
0.8384890575134386,0.8039737811367081,0.9835619811558517,0.47058823529411764,0.3181818181818182,0.7728955076636286,1.0,1.0,0.2857142857142857,1.0,0.0,1.0,1.0,1.0,0.0,1.0
0.5098032882359249,0.5834015645631883,0.8623469576104998,0.1346153846153846,0.08490566037735849,0.44023428870930925,1.0,1.0,0.0,1.0,0.0,1.0,1.0,1.0,0.0,1.0
0.8950002994151888,0.8308864063173613,0.989104732982613,0.68,0.13432835820895522,0.9131171335851969,1.0,1.0,1.0,1.0,0.0,1.0,1.0,1.0,1.0,1.0
0.7861971947003731,0.8002662543834546,0.963990953300289,0.47368421052631576,0.31958762886597936,0.749643592297496,1.0,0.75,0.2222222222222222,1.0,0.0,1.0,1.0,0.0,0.0,1.0
0.5608880940176761,0.5879596846260617,0.851599075356612,0.1956521739130435,0.11702127659574468,0.4364564347123641,1.0,0.0,0.16666666666666666,1.0,0.0,1.0,1.0,0.0,0.0,1.0
0.8870155650567617,0.7622210226459313,0.9567176282862201,0.5,0.24,0.741949090125304,1.0,1.0,0.5,1.0,0.0,1.0,1.0,1.0,0.0,1.0
0.8364266989128707,0.8037532979022197,0.9544997632121828,0.5789473684210527,0.313953488372093,0.8010510283917036,1.0,1.0,1.0,1.0,1.0,1.0,1.0,1.0,1.0,1.0
0.834122516981298,0.7886231636579859,0.9882219952431199,0.5,0.3023255813953488,0.794409025317137,1.0,1.0,0.5,1.0,0.0,1.0,1.0,1.0,0.0,1.0
0.9221323114743205,0.8140639990983908,0.9941273132584687,0.7037037037037037,0.37735849056603776,0.8498828169040287,1.0,1.0,1.0,1.0,0.0,1.0,1.0,1.0,1.0,1.0
0.7614891985050499,0.6287199678304722,0.9443855699156665,0.2222222222222222,0.09782608695652174,0.5179701649949751,1.0,1.0,0.3333333333333333,1.0,0.0,1.0,1.0,1.0,0.0,1.0
0.8257571288835002,0.7975693028947073,0.9347774993509359,0.5471698113207547,0.358695652173913,0.8004363706902371,1.0,1.0,1.0,1.0,0.0,1.0,1.0,1.0,1.0,1.0
0.509011748690284,0.5301301940748538,0.8951454178535468,0.2,0.12359550561797752,0.5010983742839155,1.0,1.0,1.0,1.0,0.0,1.0,1.0,1.0,1.0,1.0
0.7035324337199556,0.6837120961055001,0.9421458482624335,0.5416666666666666,0.2153846153846154,0.6785320851235688,1.0,1.0,1.0,1.0,0.0,1.0,1.0,1.0,1.0,1.0
0.917369135732787,0.8600742190950438,0.990576454721178,0.5294117647058824,0.26436781609195403,0.8905334693827596,1.0,1.0,1.0,1.0,0.0,1.0,1.0,1.0,1.0,1.0
0.8784635314904622,0.7902949521357224,0.9538495051227307,0.22448979591836735,0.12612612612612611,0.5030502629571413,1.0,1.0,0.0,1.0,0.0,1.0,1.0,1.0,0.0,1.0
0.8619147579032777,0.8798851342040028,0.9697534512072222,0.8461538461538461,0.3092105263157895,0.9134248575056316,1.0,1.0,1.0,1.0,0.0,1.0,1.0,1.0,1.0,1.0
0.8626490882587505,0.8559612911998348,0.9558649287323798,0.48148148148148145,0.32222222222222224,0.7481175353409996,1.0,0.0,0.1111111111111111,1.0,0.0,1.0,1.0,0.0,0.0,1.0
0.782580132246827,0.82228084993688,0.9725191892781007,0.54,0.358695652173913,0.7704366577576109,1.0,1.0,0.75,1.0,0.0,1.0,1.0,1.0,0.0,1.0
0.7920233500042355,0.8336853612057911,0.9910537890699602,0.4117647058823529,0.32978723404255317,0.8269110443364005,1.0,0.0,0.4166666666666667,0.5,0.0,1.0,1.0,0.0,0.0,0.0
0.8952475771458165,0.8457380672792176,0.9805206553389652,0.6363636363636364,0.16993464052287582,0.8411553972615434,1.0,1.0,1.0,1.0,0.0,1.0,1.0,1.0,1.0,1.0
0.8064634505769768,0.7849966298937469,0.9282496895241288,0.6,0.19863013698630136,0.7669975296607235,1.0,1.0,1.0,1.0,0.0,1.0,1.0,1.0,1.0,1.0
0.8080527964783297,0.736356730684365,0.9563830262827092,0.5,0.24528301886792453,0.6855924686434046,1.0,1.0,0.5,1.0,0.0,1.0,1.0,1.0,0.0,1.0
0.8961336240176905,0.8423293290644612,0.9771178207229338,0.4807692307692308,0.3258426966292135,0.7546213682429642,1.0,1.0,0.125,1.0,0.0,1.0,1.0,1.0,0.0,1.0
0.8885780926784969,0.8345397457831113,0.9886982167324929,0.5625,0.3793103448275862,0.8394679473521143,1.0,1.0,0.5,1.0,0.0,1.0,1.0,1.0,0.0,1.0
0.794127401964373,0.7927618144886107,0.9379521404880491,0.6153846153846154,0.26126126126126126,0.8179721737021429,1.0,1.0,0.8333333333333334,1.0,0.0,1.0,1.0,1.0,0.0,1.0
0.9121867953392943,0.8774405000148502,0.9922779874891303,1.0,0.44680851063829785,0.917251440718092,1.0,1.0,1.0,1.0,0.0,1.0,1.0,1.0,1.0,1.0
0.5390007528756695,0.554242603324909,0.5728894156660183,0.0,0.0,0.5077922290591437,1.0,1.0,0.5,1.0,0.0,1.0,1.0,1.0,0.0,1.0
0.8867047079638392,0.8701757290760218,0.9912176166289437,0.5714285714285714,0.32075471698113206,0.867800729089579,1.0,1.0,0.5,1.0,0.0,1.0,1.0,1.0,0.0,1.0
0.7677314777829992,0.7311884865524033,0.928550008304599,0.5434782608695652,0.2112676056338028,0.7209651334390962,1.0,1.0,0.5,1.0,1.0,1.0,1.0,1.0,0.0,1.0
0.866456467324517,0.8018415236604111,0.9807951484266118,0.7254901960784313,0.2971014492753623,0.843229466743959,1.0,1.0,0.8888888888888888,1.0,0.0,1.0,1.0,1.0,0.0,1.0
0.728736250591847,0.7653311559762841,0.9118014625555934,0.4880952380952381,0.25609756097560976,0.7140160401943834,1.0,0.0,0.0,0.5,0.0,1.0,1.0,0.0,0.0,0.0
0.9220619594663376,0.8735896417489578,0.9958341695358848,0.5777777777777777,0.40789473684210525,0.8550687837468123,1.0,1.0,1.0,1.0,0.0,1.0,1.0,1.0,1.0,1.0
0.34691909721116687,0.33671671991063395,0.6763924225827854,0.16666666666666666,0.08080808080808081,0.28214410778454146,1.0,0.0,0.0,1.0,0.0,1.0,1.0,0.0,0.0,1.0
0.8355267162084374,0.8127056346396776,0.9843826995735049,0.5333333333333333,0.2978723404255319,0.8757228258471113,1.0,1.0,0.0,0.5,0.0,1.0,1.0,1.0,0.0,0.0
0.65854445817332,0.681193554721132,0.9509214656475169,0.33962264150943394,0.1891891891891892,0.5134805333623931,1.0,1.0,0.14285714285714285,1.0,0.0,1.0,1.0,1.0,0.0,1.0
0.5646297742781463,0.5784217472293738,0.8488243335140757,0.18181818181818182,0.125,0.49955629272243046,1.0,1.0,1.0,1.0,1.0,1.0,1.0,1.0,1.0,1.0
0.8802963302329204,0.7620852094494278,0.981224039079686,0.391304347826087,0.07643312101910828,0.8565972008651332,1.0,1.0,1.0,1.0,0.0,1.0,1.0,1.0,1.0,1.0
0.704629173132871,0.6685227699646166,0.9589413554446377,0.375,0.15,0.5649358184292913,1.0,1.0,0.25,1.0,0.0,1.0,1.0,1.0,0.0,1.0
0.9158793873178226,0.8346036183034933,0.9825232251788921,0.5476190476190477,0.35443037974683544,0.7777904206105812,1.0,1.0,0.5,1.0,0.0,1.0,1.0,1.0,0.0,1.0
0.8313156153842669,0.829044630176965,0.9757422320147774,0.6458333333333334,0.22784810126582278,0.7637267613910484,1.0,1.0,1.0,1.0,0.0,1.0,1.0,1.0,1.0,1.0
0.8528679171261528,0.8580303720518289,0.9733970632338672,0.4583333333333333,0.2621359223300971,0.7572598909461957,1.0,1.0,1.0,1.0,0.0,1.0,1.0,1.0,1.0,1.0
0.6530392815857913,0.6748379729359967,0.9844555340659966,0.36363636363636365,0.28,0.5590960729373129,1.0,0.0,0.0,1.0,0.0,1.0,1.0,0.0,0.0,1.0
0.7328666976399203,0.6754778918166807,0.9287352439536238,0.2727272727272727,0.11538461538461539,0.6967382456505785,1.0,1.0,0.8571428571428571,0.0,0.0,1.0,1.0,1.0,0.0,0.0
0.5137165609147539,0.4472157269966775,0.9339217936493387,0.2857142857142857,0.06493506493506493,0.4602392559457717,1.0,1.0,0.5,1.0,0.0,1.0,1.0,1.0,0.0,1.0
0.8203427822628446,0.725259816825067,0.9967917195944357,0.5925925925925926,0.32075471698113206,0.7086008587546251,1.0,1.0,0.75,0.0,0.0,1.0,1.0,1.0,0.0,0.0
0.878322563487924,0.7977897147091023,0.9904001027435643,0.5294117647058824,0.3150684931506849,0.8776144858237519,1.0,1.0,1.0,1.0,0.0,1.0,1.0,1.0,1.0,1.0
0.7942122902814339,0.7721675849958921,0.9511193015766788,0.36363636363636365,0.20238095238095238,0.7737368629620097,1.0,1.0,0.8333333333333334,1.0,0.0,1.0,1.0,1.0,0.0,1.0
0.6959025753439418,0.6922595456925458,0.9589959507920707,0.4936708860759494,0.39805825242718446,0.6569310994991375,1.0,0.3333333333333333,0.0,0.3333333333333333,1.0,1.0,1.0,0.0,0.0,0.0
0.8883873172641576,0.8385759125983434,0.9586908006067314,0.6037735849056604,0.296875,0.8314170517179333,1.0,1.0,1.0,1.0,0.0,1.0,1.0,1.0,1.0,1.0
0.8907342916707103,0.8203475204678663,0.9899434976517687,0.43478260869565216,0.28888888888888886,0.7275482181163945,1.0,1.0,0.8571428571428571,0.0,0.0,1.0,1.0,1.0,0.0,0.0
0.8932122867066049,0.8302406688529066,0.9676654448506218,0.38095238095238093,0.18518518518518517,0.9236468219763807,1.0,1.0,1.0,1.0,0.0,1.0,1.0,1.0,1.0,1.0
0.7146493505905172,0.7048984448830643,0.9655332442235598,0.33962264150943394,0.21782178217821782,0.6411096833831488,1.0,1.0,0.25,1.0,0.0,1.0,1.0,1.0,0.0,1.0
0.8295300680148907,0.7949658869513795,0.9583224687693944,0.6530612244897959,0.2803030303030303,0.8470161332754439,1.0,0.5,0.8571428571428571,0.0,0.0,1.0,1.0,0.0,0.0,0.0
0.539259926916374,0.6061783517558452,0.8685910346183154,0.3617021276595745,0.13043478260869565,0.49143417393605,1.0,1.0,0.8,1.0,0.0,1.0,1.0,1.0,0.0,1.0
0.6890280900702247,0.6688805955973496,0.917419687870173,0.26,0.12056737588652482,0.5507252962521227,1.0,1.0,0.8333333333333334,0.0,0.0,1.0,1.0,1.0,0.0,0.0
0.8852208952002172,0.812704092634961,0.9953370659063779,0.574468085106383,0.33695652173913043,0.7891680924903335,1.0,1.0,1.0,1.0,1.0,1.0,1.0,1.0,1.0,1.0
0.7186173834430578,0.7951330832197953,0.9625331308750552,0.6190476190476191,0.22950819672131148,0.6752980734604097,1.0,1.0,0.0,1.0,0.0,1.0,1.0,1.0,0.0,1.0
0.5421924810407154,0.5605605281861978,0.8283825297710005,0.16666666666666666,0.06666666666666667,0.5725531165543273,1.0,1.0,0.5,1.0,0.0,1.0,1.0,1.0,0.0,1.0
0.5282433756241384,0.4859740052461191,0.9491324393390311,0.2962962962962963,0.15517241379310345,0.34816481782016945,1.0,1.0,1.0,1.0,0.0,1.0,1.0,1.0,1.0,1.0
0.8714995638939147,0.8099735215491838,0.9913795537842053,0.6470588235294118,0.43529411764705883,0.7889596931155265,1.0,1.0,1.0,1.0,0.0,1.0,1.0,1.0,1.0,1.0
0.9039310451170574,0.8842381397665027,0.9497250890475161,0.673469387755102,0.3333333333333333,0.9724741410677583,1.0,1.0,1.0,1.0,0.0,1.0,1.0,1.0,1.0,1.0
0.843647647171472,0.8049484134432169,0.9723509799529839,0.7692307692307693,0.2537313432835821,0.8074932628175259,1.0,1.0,1.0,1.0,0.0,1.0,1.0,1.0,1.0,1.0
0.8468717279524292,0.8288941316747481,0.9793225379407116,0.5681818181818182,0.4142857142857143,0.8356309124909518,1.0,1.0,0.0,1.0,0.0,1.0,1.0,1.0,0.0,1.0
0.662003668386955,0.6797957812091413,0.8962335780494852,0.3275862068965517,0.2716049382716049,0.6672433194636684,1.0,0.0,0.09090909090909091,1.0,0.0,1.0,1.0,0.0,0.0,1.0
0.6483979569349001,0.5987294691895372,0.8996893280055461,0.35294117647058826,0.2079207920792079,0.49598839568747805,1.0,1.0,1.0,1.0,1.0,1.0,1.0,1.0,1.0,1.0
0.940090102947453,0.877038399265781,0.9919076187936274,0.4482758620689655,0.144,0.8986621496844222,1.0,1.0,1.0,1.0,0.0,1.0,1.0,1.0,1.0,1.0
0.9837039985402877,0.8614332105777809,0.9982581833550284,0.75,0.5813953488372093,0.8535708814799153,0.3333333333333333,1.0,0.0,1.0,0.0,1.0,0.0,1.0,0.0,1.0
0.9132665890967516,0.7578339447714767,0.9884078593119521,0.5517241379310345,0.09137055837563451,0.8462978965741573,0.8571428571428571,1.0,1.0,1.0,0.0,1.0,0.0,1.0,1.0,1.0
0.867078992713214,0.8393378488081189,0.9630932365134366,0.5555555555555556,0.16428571428571428,0.7936071314057298,1.0,1.0,1.0,1.0,0.0,1.0,1.0,1.0,1.0,1.0
0.8399805406872425,0.8443562476308019,0.7563558403537491,0.7818181818181819,0.6515151515151515,0.8845250525259242,1.0,1.0,0.0,0.6666666666666666,0.0,1.0,1.0,1.0,0.0,0.0
0.5851803943595533,0.4969806405840233,0.8916150477890268,0.1111111111111111,0.0594059405940594,0.5724270495126564,1.0,1.0,1.0,1.0,0.0,1.0,1.0,1.0,1.0,1.0
0.6959428651650142,0.595637529702755,0.8073288251417422,0.5882352941176471,0.1320754716981132,0.7220562757939012,1.0,1.0,0.0,1.0,0.0,1.0,1.0,1.0,0.0,1.0
0.5888175798759804,0.4606883079617556,0.9354569755016633,0.2,0.05714285714285714,0.5238017425067321,0.0,1.0,1.0,1.0,0.0,1.0,0.0,1.0,1.0,1.0
0.7936008137131217,0.7871011370688334,0.8204866495388153,0.6756756756756757,0.49056603773584906,0.902242234077407,1.0,1.0,0.0,0.3333333333333333,0.0,1.0,1.0,1.0,0.0,0.0
0.6365533274046042,0.49189976402033847,0.9701596136198051,0.36363636363636365,0.04591836734693878,0.8151142534848377,1.0,1.0,1.0,1.0,0.0,1.0,1.0,1.0,1.0,1.0
0.8839280711889899,0.7180583776252066,0.9768667216267719,0.6190476190476191,0.06796116504854369,0.9342819309987515,1.0,1.0,1.0,1.0,1.0,1.0,1.0,1.0,1.0,1.0
0.8248308392380188,0.587572441867692,0.9620610267586834,0.35,0.05521472392638037,0.6048281974584907,1.0,1.0,1.0,0.0,0.0,1.0,1.0,1.0,1.0,0.0
0.6923082854339069,0.4767863347055016,0.6575913364195818,0.42424242424242425,0.1509433962264151,0.6753250880054519,0.0,1.0,0.5,0.3333333333333333,0.0,1.0,0.0,1.0,0.0,0.0
0.7024859797843357,0.5641645757520265,0.9785311488615108,0.375,0.03553299492385787,0.7118309706350757,1.0,1.0,1.0,1.0,0.0,1.0,1.0,1.0,1.0,1.0
0.8640861567619386,0.736788060129883,0.9802352937293449,0.5,0.07142857142857142,0.7663801437119,0.5714285714285714,1.0,1.0,1.0,0.0,1.0,0.0,1.0,1.0,1.0
0.7991994206388722,0.7285946070814411,0.9674217885631056,0.4583333333333333,0.096,0.7582103286748116,0.6,1.0,1.0,1.0,0.0,1.0,0.0,1.0,1.0,1.0
0.10595893065507118,0.11397988371832668,0.801236149673697,0.08333333333333333,0.041666666666666664,0.14281925569492365,0.0,0.0,1.0,1.0,0.0,1.0,0.0,0.0,1.0,1.0
0.09564036549078377,0.1118314685619888,0.7397819724570662,0.08333333333333333,0.04201680672268908,0.179648658987303,0.0,0.0,1.0,1.0,0.0,1.0,0.0,0.0,1.0,1.0
0.05565785857291517,0.05856884922941244,0.6071113062875858,0.08333333333333333,0.05,0.11945553349803846,0.0,0.0,1.0,1.0,0.0,1.0,0.0,0.0,1.0,1.0
0.10165673794872651,0.12037887619656336,0.7349753633243501,0.08333333333333333,0.034482758620689655,0.1963790789368252,0.3333333333333333,0.0,1.0,1.0,0.0,1.0,0.0,0.0,1.0,1.0
0.09829925775580213,0.09762971462845477,0.7873081632133849,0.10416666666666667,0.03571428571428571,0.157555030240085,0.0,0.0,1.0,1.0,0.0,1.0,0.0,0.0,1.0,1.0
0.08835783489831002,0.08777257821530486,0.769089960304197,0.08333333333333333,0.038461538461538464,0.1405422249762193,0.0,0.0,1.0,1.0,0.0,1.0,0.0,0.0,1.0,1.0
0.00645204168292054,0.012546091473922135,0.2702982202735371,0.0,0.0,0.04956663484550351,0.3333333333333333,0.0,0.0,1.0,0.0,1.0,0.0,0.0,0.0,1.0
0.007470481077123671,0.016600945506362527,0.3262641158949821,0.0,0.0,0.07906736618392575,0.6666666666666666,0.0,0.0,1.0,0.0,1.0,0.0,0.0,0.0,1.0
0.016959840919647293,0.08065695851803603,0.6462624109996733,0.0,0.0,0.056717766916542116,0.3333333333333333,0.0,0.0,1.0,0.0,1.0,0.0,0.0,0.0,1.0
0.8895534636689699,0.7337668722325198,0.9876190585568008,0.75,0.12953367875647667,0.7523070858762163,0.4444444444444444,1.0,0.0,1.0,0.0,1.0,0.0,1.0,0.0,1.0
0.02324429744304194,0.03254288894204146,0.48951463991896615,0.0,0.0,0.042898494786004,0.14285714285714285,1.0,1.0,1.0,0.0,1.0,0.0,1.0,1.0,1.0
0.05238682468757792,0.0573778890506701,0.6217994727935224,0.0,0.0,0.07252788259786404,1.0,0.3333333333333333,0.0,1.0,0.0,1.0,1.0,0.0,0.0,1.0
0.05090948259092963,0.05737423581391142,0.6499769612472852,0.0,0.0,0.10948323397150854,0.0,0.0,0.5,0.0,0.0,1.0,0.0,0.0,0.0,0.0
0.09204732254970903,0.17024363216220167,0.6958205340050175,0.0,0.0,0.07744655166807338,1.0,0.0,1.0,1.0,0.0,1.0,1.0,0.0,1.0,1.0
0.0038051734879477918,0.027548878042720177,0.13556700793946946,0.0,0.0,0.019944303663830196,1.0,0.0,0.0,1.0,0.0,1.0,1.0,0.0,0.0,1.0
0.016221565822151382,0.0299096001309685,0.5307624226909505,0.0,0.004694835680751174,0.09350982790833937,0.25,1.0,1.0,1.0,0.0,1.0,0.0,1.0,1.0,1.0
0.021242129359187602,0.04280303475381496,0.12444434142045005,0.0,0.0,0.07991061751918618,0.0,0.0,0.5,0.0,0.0,1.0,0.0,0.0,0.0,0.0
0.02968346360051822,0.025406937896308764,0.6570160626477639,0.0,0.0,0.14230616770240714,0.25,0.0,1.0,1.0,0.0,1.0,0.0,0.0,1.0,1.0
0.0354530762249303,0.04267633543983322,0.6039320698392269,0.0,0.0,0.06999724735939401,0.0,1.0,1.0,1.0,0.0,1.0,0.0,1.0,1.0,1.0
0.045633232349026095,0.034468909147957354,0.6172884987702115,0.0,0.0,0.07892595301054994,0.2857142857142857,0.0,1.0,0.0,0.0,1.0,0.0,0.0,1.0,0.0
0.005209350913944311,0.026507362516250715,0.18677555198517554,0.0,0.0,0.048253138993307965,0.5,0.0,0.0,0.0,0.0,1.0,0.0,0.0,0.0,0.0
0.0636953608062946,0.04465215941182109,0.6097058308187505,0.0,0.0,0.14461136735355476,1.0,1.0,1.0,1.0,0.0,1.0,1.0,1.0,1.0,1.0
0.09896405894908035,0.07317915104099583,0.685837331049209,0.0,0.0,0.17962017916241307,0.8571428571428571,1.0,1.0,1.0,0.0,1.0,0.0,1.0,1.0,1.0
0.013227030956880305,0.032959644075690485,0.4689384156550935,0.0,0.0,0.06903933858680895,0.0,1.0,1.0,0.0,0.0,1.0,0.0,1.0,1.0,0.0
0.10165673794872651,0.12037887619656336,0.7349753633243501,0.08333333333333333,0.034482758620689655,0.1963790789368252,0.3333333333333333,0.0,1.0,1.0,0.0,1.0,0.0,0.0,1.0,1.0
0.09829925775580213,0.09762971462845477,0.7873081632133849,0.10416666666666667,0.03571428571428571,0.157555030240085,0.0,0.0,1.0,1.0,0.0,1.0,0.0,0.0,1.0,1.0
0.08835783489831002,0.08777257821530486,0.769089960304197,0.08333333333333333,0.038461538461538464,0.1405422249762193,0.0,0.0,1.0,1.0,0.0,1.0,0.0,0.0,1.0,1.0
0.07672824431224727,0.06800956754751669,0.8051781952231859,0.08333333333333333,0.0273224043715847,0.18685989256833194,0.0,0.0,1.0,1.0,0.0,1.0,0.0,0.0,1.0,1.0
0.07060622490372005,0.0740798841637807,0.6323663901891243,0.08333333333333333,0.029411764705882353,0.12913514199731807,0.0,0.0,1.0,1.0,0.0,1.0,0.0,0.0,1.0,1.0
0.08511837410759586,0.11564069886126607,0.757178407880632,0.08333333333333333,0.043859649122807015,0.1521977370807886,0.0,0.0,1.0,1.0,0.0,1.0,0.0,0.0,1.0,1.0
0.017020420259107688,0.05239728566556615,0.42680871114987323,0.0,0.0,0.057839594984011845,1.0,1.0,0.0,0.0,0.0,1.0,1.0,1.0,0.0,0.0
0.022729951791709876,0.03350200055640441,0.6619524898250935,0.0,0.0,0.05650434562511839,1.0,0.5,0.16666666666666666,0.0,0.0,1.0,1.0,0.0,0.0,0.0
0.0761595925204623,0.19434602150035105,0.7487484476127093,0.0,0.0,0.11808549232552269,1.0,0.0,0.0,1.0,0.0,1.0,1.0,0.0,0.0,1.0
0.009696774167627892,0.04909602534020038,0.563987695182001,0.0,0.0,0.024142068767276134,0.0,1.0,0.0,0.0,0.0,1.0,0.0,1.0,0.0,0.0
0.030059343579998832,0.04395706647000197,0.5805489104132711,0.0,0.0,0.02942989316726201,1.0,1.0,0.0,1.0,0.0,1.0,1.0,1.0,0.0,1.0
0.06141537704479356,0.09643696557151651,0.5224737296354619,0.0,0.0,0.07300034678565122,1.0,0.0,0.0,0.0,0.0,1.0,1.0,0.0,0.0,0.0
0.0046460126127557105,0.10238872131884579,0.43826262657722737,0.0,0.0,0.007237497553196239,0.0,1.0,0.0,0.0,0.0,1.0,0.0,1.0,0.0,0.0
0.02289316668255722,0.07600032693507448,0.4059897514897306,0.0,0.0,0.040574409052788994,1.0,0.0,0.0,1.0,0.0,1.0,1.0,0.0,0.0,1.0
0.04176626489386575,0.24035930111129636,0.5432442277099936,0.0,0.0,0.09015719903461897,1.0,1.0,0.5,1.0,0.0,1.0,1.0,1.0,0.0,1.0
0.0042699607862418075,0.02945782938150176,0.4164924819485947,0.0,0.0,0.006570786057415111,1.0,1.0,0.0,0.0,0.0,1.0,1.0,1.0,0.0,0.0
0.023166846333927918,0.09067722056064405,0.5300098314239656,0.0,0.0,0.053431292872191144,1.0,0.0,0.0,1.0,0.0,1.0,1.0,0.0,0.0,1.0
0.022953144840962933,0.03264308183268347,0.8106734267158844,0.0,0.0,0.03633086762223786,1.0,0.0,0.0,0.0,0.0,1.0,1.0,0.0,0.0,0.0
0.005823244753098226,0.05620873250831761,0.5405333308369666,0.0,0.0,0.01792779150220127,1.0,0.0,0.0,0.0,0.0,1.0,1.0,0.0,0.0,0.0
0.013276305642868046,0.020427936967148314,0.6160841605984702,0.0,0.0,0.03581457738307359,1.0,0.0,0.0,1.0,0.0,1.0,1.0,0.0,0.0,1.0
0.027791013182610923,0.05454282881811003,0.6918378679594005,0.0,0.0,0.04739019603634265,1.0,0.0,0.0,0.0,0.0,1.0,1.0,0.0,0.0,0.0
0.039994107672867124,0.03728044905264977,0.6857476939099801,0.0,0.0,0.012096352460686568,1.0,1.0,0.0,1.0,0.0,1.0,1.0,1.0,0.0,1.0
0.053259626064598053,0.10814302491193249,0.6633451060594228,0.0,0.0,0.10327834805884219,0.0,0.0,0.125,1.0,0.0,1.0,0.0,0.0,0.0,1.0
0.010754699579206273,0.06492876423434571,0.6626427079782978,0.0,0.0,0.010265022301077516,1.0,0.0,0.0,1.0,0.0,1.0,1.0,0.0,0.0,1.0
0.007231012904194045,0.022781964124401578,0.6069449866691999,0.0,0.0,0.01595187963290014,0.0,1.0,0.0,1.0,0.0,1.0,0.0,1.0,0.0,1.0
0.03885043337663511,0.08655918020742254,0.4103142228683307,0.0,0.0,0.12890596768052076,1.0,0.0,0.125,0.0,0.0,1.0,1.0,0.0,0.0,0.0
0.02482657768365638,0.04178223641281914,0.7177412493797989,0.0,0.0,0.06390762622771604,1.0,0.0,0.0,1.0,0.0,1.0,1.0,0.0,0.0,1.0
0.01945645046846821,0.04541522242936759,0.7286555982212759,0.0,0.0,0.02940726322141514,1.0,0.0,0.0,0.0,0.0,1.0,1.0,0.0,0.0,0.0
0.019646972739063878,0.06144928617602332,0.6033735897852072,0.0,0.0,0.04367330562137607,1.0,0.0,0.0,0.0,0.0,1.0,1.0,0.0,0.0,0.0
0.005561879155412567,0.02780013004410952,0.4236914980649011,0.0,0.0,0.024063113647892365,0.0,0.0,0.0,1.0,0.0,1.0,0.0,0.0,0.0,1.0
0.007972846114753067,0.047128045605105535,0.6669260826818472,0.0,0.0,0.006558660455853747,1.0,0.0,0.0,0.0,0.0,1.0,1.0,0.0,0.0,0.0
0.007703503602939478,0.03149924530804445,0.5124289435884998,0.0,0.0,0.03960693367551071,1.0,1.0,0.0,1.0,0.0,1.0,1.0,1.0,0.0,1.0
0.045135050119947485,0.14228361316445765,0.5538713484339239,0.0,0.0,0.1013416995842832,1.0,0.5,0.3333333333333333,1.0,0.0,1.0,1.0,0.0,0.0,1.0
0.06088500531693502,0.07232896559770606,0.6616887011375429,0.0,0.0,0.08607439486241472,1.0,0.0,0.125,1.0,0.0,1.0,1.0,0.0,0.0,1.0
0.025821127128795956,0.04135227115267751,0.5736941577854294,0.0,0.0,0.045926615380693134,1.0,1.0,0.0,1.0,0.0,1.0,1.0,1.0,0.0,1.0
0.02646873461357783,0.07931189856975139,0.5797890856918764,0.0,0.0,0.06478517010755959,1.0,1.0,0.14285714285714285,0.0,0.0,1.0,1.0,1.0,0.0,0.0
0.019540559011803536,0.057288194472304294,0.6288692594231299,0.0,0.0,0.045242802135826043,1.0,1.0,0.16666666666666666,1.0,0.0,1.0,1.0,1.0,0.0,1.0
0.015332364622157783,0.0245455003435637,0.474206409728129,0.0,0.0,0.05814504009128744,1.0,1.0,0.0,1.0,0.0,1.0,1.0,1.0,0.0,1.0
0.009789307414619435,0.05325506291172771,0.6214786719911791,0.0,0.0,0.03355190522070544,1.0,0.0,0.0,0.0,0.0,1.0,1.0,0.0,0.0,0.0
0.006809879762966744,0.10197062861470385,0.3445294881118143,0.0,0.0,0.025455005250128757,1.0,0.0,0.0,1.0,0.0,1.0,1.0,0.0,0.0,1.0
0.012157237533649083,0.023140985195101934,0.4818790711516073,0.0,0.0,0.022883013679937603,1.0,0.0,0.0,1.0,0.0,1.0,1.0,0.0,0.0,1.0
0.016465060659432852,0.06330414292257033,0.4825492617810061,0.0,0.0,0.050559377703690594,1.0,0.0,0.0,0.0,0.0,1.0,1.0,0.0,0.0,0.0
0.013533875289850207,0.03305804252227819,0.5675782162525516,0.0,0.0,0.036945488289665124,1.0,0.0,0.0,0.0,0.0,1.0,1.0,0.0,0.0,0.0
0.0027800584598650546,0.05622242249018547,0.3097408084018371,0.0,0.0,0.00691491707082787,1.0,1.0,0.0,0.0,0.0,1.0,1.0,1.0,0.0,0.0
0.0037479106716233647,0.04844266226333159,0.408481141343971,0.0,0.0,0.005757877357569678,1.0,1.0,0.0,0.0,0.0,1.0,1.0,1.0,0.0,0.0
0.009743763800852498,0.07224272073489937,0.699823684386339,0.0,0.0,0.027977875136203176,0.0,1.0,0.14285714285714285,1.0,0.0,1.0,0.0,1.0,0.0,1.0
0.019080614498094204,0.06889126414411866,0.6963054947345068,0.0,0.0,0.08088126747460901,1.0,1.0,0.0,1.0,0.0,1.0,1.0,1.0,0.0,1.0
0.01637498889933538,0.04395710356336662,0.6969751090587659,0.0,0.0,0.03241241675583244,1.0,1.0,0.0,1.0,0.0,1.0,1.0,1.0,0.0,1.0
0.019103246349054758,0.040400891891512775,0.4189921171821172,0.0,0.0,0.04921957401997035,1.0,1.0,0.0,1.0,0.0,1.0,1.0,1.0,0.0,1.0
0.008587238158791127,0.04909827583885406,0.4425183719568274,0.0,0.0,0.011203825490520946,0.0,1.0,0.0,1.0,0.0,1.0,0.0,1.0,0.0,1.0
0.023407719818737353,0.09087647738791169,0.6785246826339039,0.0,0.0,0.043923026664264495,1.0,0.0,0.0,1.0,0.0,1.0,1.0,0.0,0.0,1.0
0.00833628360665158,0.022580396061721165,0.44950588222668486,0.0,0.0,0.053935423805154474,0.0,0.0,0.0,0.0,0.0,1.0,0.0,0.0,0.0,0.0
0.01612641403997822,0.0395266334420074,0.6706805893064256,0.0,0.0,0.03125231019662221,1.0,1.0,0.0,0.0,0.0,1.0,1.0,1.0,0.0,0.0
0.023739392046693293,0.056726868859669814,0.4940911771240163,0.0,0.0,0.030061015864949723,1.0,0.0,0.08333333333333333,0.0,0.0,1.0,1.0,0.0,0.0,0.0
0.059289410155957095,0.14379802553122426,0.5910092111517851,0.0,0.0,0.11769520395693342,1.0,1.0,0.0,0.0,0.0,1.0,1.0,1.0,0.0,0.0
0.0063220818927618065,0.054805165835895384,0.510622849362536,0.0,0.0,0.01397510261682132,1.0,1.0,0.0,1.0,0.0,1.0,1.0,1.0,0.0,1.0
0.03241010736800418,0.10190111245217393,0.43471921956532206,0.0,0.0,0.07072610622498701,0.0,1.0,0.0,1.0,0.0,1.0,0.0,1.0,0.0,1.0
0.014508683294524016,0.0493953458070831,0.7546128317408624,0.0,0.0,0.016118656031880983,0.0,1.0,0.0,0.0,0.0,1.0,0.0,1.0,0.0,0.0
0.025118097881949936,0.08795983185279631,0.5534836418920434,0.0,0.0,0.06671966687118061,1.0,0.0,0.0,0.5,0.0,1.0,1.0,0.0,0.0,0.0
0.027992149510193166,0.09865259058614753,0.4173029528348844,0.0,0.0,0.05851397328504844,0.0,0.0,0.0,0.0,0.0,1.0,0.0,0.0,0.0,0.0
0.05235608767644037,0.1974194081018322,0.5532951387527414,0.0,0.0,0.09377499296117835,1.0,0.0,0.0,1.0,0.0,1.0,1.0,0.0,0.0,1.0
0.0,0.007357055407955902,0.2739957300841789,0.0,0.0,0.0,1.0,1.0,0.0,0.0,0.0,1.0,1.0,1.0,0.0,0.0
0.008236606727820645,0.03720890742727861,0.4932673834438167,0.0,0.0,0.03698600434809606,1.0,1.0,0.0,1.0,0.0,1.0,1.0,1.0,0.0,1.0
0.017570216701309354,0.07218936593171899,0.5969554809764179,0.0,0.0,0.03989618648309035,1.0,1.0,0.0,1.0,0.0,1.0,1.0,1.0,0.0,1.0
0.023611759819133608,0.057340738907236406,0.7493332189484149,0.0,0.0,0.006031550418913725,1.0,0.0,0.0,1.0,0.0,1.0,1.0,0.0,0.0,1.0
0.047143387845910066,0.06876122787515283,0.7156488347239099,0.0,0.0,0.048557690302084414,0.0,0.0,0.0,0.0,0.0,1.0,0.0,0.0,0.0,0.0
0.014449915263581432,0.05891653195813558,0.5386739649307845,0.0,0.0,0.02767269308893576,1.0,0.0,0.0,0.0,0.0,1.0,1.0,0.0,0.0,0.0
0.019783366198858246,0.08610904335107594,0.6177188874279479,0.0,0.0,0.05812212651562245,1.0,0.0,0.0,1.0,0.0,1.0,1.0,0.0,0.0,1.0
0.005034302363186992,0.08320871148128853,0.5832707966203059,0.0,0.0,0.007240916117958733,1.0,0.0,0.0,0.0,0.0,1.0,1.0,0.0,0.0,0.0
0.036614293231167216,0.08630267281012155,0.41011650932902033,0.0,0.0,0.06574929424774188,1.0,0.0,0.0,0.0,0.0,1.0,1.0,0.0,0.0,0.0
0.007397575485536329,0.03492498643435051,0.4606943816872307,0.0,0.0,0.016552799647251443,1.0,1.0,0.0,0.0,0.0,1.0,1.0,1.0,0.0,0.0
0.011403464284041983,0.034003953913911644,0.450947493440821,0.0,0.0,0.0466264190363881,1.0,0.0,0.0,1.0,0.0,1.0,1.0,0.0,0.0,1.0
0.03685175520391783,0.06124636422393464,0.7370484433931151,0.0,0.0,0.023761424760276234,1.0,1.0,0.0,1.0,0.0,1.0,1.0,1.0,0.0,1.0
0.014281412283021063,0.05537677099246566,0.3600256261958609,0.0,0.0,0.017874000102136967,0.0,0.0,0.0,0.0,0.0,1.0,0.0,0.0,0.0,0.0
0.016726733470273026,0.04980347201429235,0.7612391140775416,0.0,0.0,0.05603593689724785,1.0,0.0,0.16666666666666666,1.0,0.0,1.0,1.0,0.0,0.0,1.0
0.07973593072764955,0.15471836281531065,0.8918204984040172,0.020833333333333332,0.019801980198019802,0.17346022242945058,1.0,0.0,0.16666666666666666,1.0,0.0,1.0,1.0,0.0,0.0,1.0
0.024063802414641452,0.05323004275483215,0.6159588986367256,0.0,0.0,0.028295094845848728,1.0,0.0,0.0,0.0,0.0,1.0,1.0,0.0,0.0,0.0
0.013950902934673336,0.020886668510728647,0.6969923270548566,0.0,0.0,0.007756591624120302,1.0,0.0,0.0,0.0,0.0,1.0,1.0,0.0,0.0,0.0
0.008598074576082151,0.0660795198602028,0.8094498047162559,0.0,0.0,0.017264650955302968,1.0,0.0,0.0,1.0,0.0,1.0,1.0,0.0,0.0,1.0
0.03014977996646837,0.050407006225309955,0.5830898925339875,0.0,0.0,0.05845404250388992,1.0,1.0,0.25,0.0,0.0,1.0,1.0,1.0,0.0,0.0
0.04107575749251316,0.06434950448830058,0.6075057256301253,0.029411764705882353,0.017543859649122806,0.06250657875278498,0.0,0.0,0.1111111111111111,0.0,0.0,1.0,0.0,0.0,0.0,0.0
0.01354649265885124,0.03588038749611325,0.36741336282760706,0.0,0.0,0.02292271614959562,1.0,0.0,0.0,0.0,0.0,1.0,1.0,0.0,0.0,0.0
0.14349575876945547,0.2793789810322725,0.7048583050737743,0.0,0.0,0.12666756988487404,1.0,0.3333333333333333,0.2,0.0,0.0,1.0,1.0,0.0,0.0,0.0
0.007013824736853849,0.03369740700412209,0.5267635111259829,0.0,0.0,0.0171733462492765,0.0,0.0,0.0,1.0,0.0,1.0,0.0,0.0,0.0,1.0
0.0,0.025754676248345883,0.1996252778700428,0.0,0.0,0.002373210508486144,0.0,0.0,0.0,0.0,0.0,1.0,0.0,0.0,0.0,0.0
0.0,0.04042227713791933,0.0590474705019304,0.0,0.0,0.0,1.0,1.0,0.0,0.0,0.0,1.0,1.0,1.0,0.0,0.0
0.005260375687379163,0.03127805932072498,0.29228447808692715,0.0,0.0,0.02943557709652542,1.0,0.0,0.0,1.0,0.0,1.0,1.0,0.0,0.0,1.0
0.004597647291449984,0.029872653155857316,0.4433959909136872,0.0,0.0,0.041926644786969225,1.0,0.0,0.0,0.0,0.0,1.0,1.0,0.0,0.0,0.0
0.027104674288667994,0.054150063636124963,0.3919387759289181,0.0,0.0,0.05950679188832228,1.0,1.0,0.2,1.0,0.0,1.0,1.0,1.0,0.0,1.0
0.004132427766316689,0.04038939809704408,0.33593583320708614,0.0,0.0,0.033999959701187486,1.0,1.0,0.0,0.0,0.0,1.0,1.0,1.0,0.0,0.0
0.039358622026529115,0.1156861940282427,0.7120340681515518,0.0,0.0,0.029078266171257656,0.0,1.0,0.0,0.0,0.0,1.0,0.0,1.0,0.0,0.0
0.010785575938965997,0.01419768631065599,0.5310481549292339,0.0,0.0,0.010102178947586212,1.0,1.0,0.0,0.0,0.0,1.0,1.0,1.0,0.0,0.0
0.007797014425940156,0.028561799804068533,0.2375360449227256,0.0,0.0,0.10394980118971091,1.0,1.0,0.0,0.0,0.0,1.0,1.0,1.0,0.0,0.0
0.03137867045478462,0.05463195976948536,0.5693093211947864,0.037037037037037035,0.022222222222222223,0.05101829728655649,1.0,1.0,0.2,1.0,0.0,1.0,1.0,1.0,0.0,1.0
0.011298380471839503,0.03107507607548474,0.28572596226869906,0.0,0.0,0.025048890367135663,1.0,0.0,0.0,1.0,0.0,1.0,1.0,0.0,0.0,1.0
0.026722160774059252,0.04520464661740702,0.4380778265978081,0.0,0.0,0.018040955346588342,1.0,1.0,0.0,1.0,0.0,1.0,1.0,1.0,0.0,1.0
0.01278113453261199,0.09664034018876724,0.437272790292739,0.0,0.0,0.01217327038803756,1.0,0.0,0.0,0.0,0.0,1.0,1.0,0.0,0.0,0.0
0.028351698091440967,0.071957923219821,0.7339180195163785,0.0,0.0,0.060501466256134145,1.0,1.0,0.0,0.5,0.0,1.0,1.0,1.0,0.0,0.0
0.03156217437225705,0.08010593621559438,0.5672206239355313,0.0,0.0,0.04474221134853245,1.0,0.0,0.18181818181818182,1.0,0.0,1.0,1.0,0.0,0.0,1.0
0.019423870908503015,0.06129022735998484,0.6225117596190942,0.0,0.0,0.04682372807319837,1.0,0.0,0.0,0.0,0.0,1.0,1.0,0.0,0.0,0.0
0.0,0.013880732733879192,0.16398345568885442,0.0,0.0,0.014796356916761183,1.0,0.0,0.0,0.0,0.0,1.0,1.0,0.0,0.0,0.0
