group_id,family,relation,part
xling_abstract_algebra_0061,xling,C0_exact,train
xling_abstract_algebra_0061,xling,C1_en_rephrase,train
xling_abstract_algebra_0061,xling,C1_zh_rephrase,train
xling_abstract_algebra_0061,xling,H1_same_topic,train
xling_abstract_algebra_0061,xling,H3_predating,train
xling_abstract_algebra_0061,xling,R_random,train
xling_abstract_algebra_0064,xling,C0_exact,train
xling_abstract_algebra_0064,xling,C1_en_rephrase,train
xling_abstract_algebra_0064,xling,C1_zh_rephrase,train
xling_abstract_algebra_0064,xling,H1_same_topic,train
xling_abstract_algebra_0064,xling,H3_predating,train
xling_abstract_algebra_0064,xling,R_random,train
xling_abstract_algebra_0039,xling,C0_exact,train
xling_abstract_algebra_0039,xling,C1_en_rephrase,train
xling_abstract_algebra_0039,xling,C1_zh_rephrase,train
xling_abstract_algebra_0039,xling,H1_same_topic,train
xling_abstract_algebra_0039,xling,H3_predating,train
xling_abstract_algebra_0039,xling,R_random,train
xling_abstract_algebra_0090,xling,C0_exact,cal
xling_abstract_algebra_0090,xling,C1_en_rephrase,cal
xling_abstract_algebra_0090,xling,C1_zh_rephrase,cal
xling_abstract_algebra_0090,xling,H1_same_topic,cal
xling_abstract_algebra_0090,xling,H3_predating,cal
xling_abstract_algebra_0090,xling,R_random,cal
xling_abstract_algebra_0023,xling,C0_exact,test
xling_abstract_algebra_0023,xling,C1_en_rephrase,test
xling_abstract_algebra_0023,xling,C1_zh_rephrase,test
xling_abstract_algebra_0023,xling,H1_same_topic,test
xling_abstract_algebra_0023,xling,H3_predating,test
xling_abstract_algebra_0023,xling,R_random,test
xling_abstract_algebra_0020,xling,C0_exact,test
xling_abstract_algebra_0020,xling,C1_en_rephrase,test
xling_abstract_algebra_0020,xling,C1_zh_rephrase,test
xling_abstract_algebra_0020,xling,H1_same_topic,test
xling_abstract_algebra_0020,xling,H3_predating,test
xling_abstract_algebra_0020,xling,R_random,test
xling_abstract_algebra_0026,xling,C0_exact,test
xling_abstract_algebra_0026,xling,C1_en_rephrase,test
xling_abstract_algebra_0026,xling,C1_zh_rephrase,test
xling_abstract_algebra_0026,xling,H1_same_topic,test
xling_abstract_algebra_0026,xling,H3_predating,test
xling_abstract_algebra_0026,xling,R_random,test
xling_abstract_algebra_0095,xling,C0_exact,test
xling_abstract_algebra_0095,xling,C1_en_rephrase,test
xling_abstract_algebra_0095,xling,C1_zh_rephrase,test
xling_abstract_algebra_0095,xling,H1_same_topic,test
xling_abstract_algebra_0095,xling,H3_predating,test
xling_abstract_algebra_0095,xling,R_random,test
xling_abstract_algebra_0042,xling,C0_exact,test
xling_abstract_algebra_0042,xling,C1_en_rephrase,test
xling_abstract_algebra_0042,xling,C1_zh_rephrase,test
xling_abstract_algebra_0042,xling,H1_same_topic,test
xling_abstract_algebra_0042,xling,H3_predating,test
xling_abstract_algebra_0042,xling,R_random,test
xling_abstract_algebra_0062,xling,C0_exact,cal
xling_abstract_algebra_0062,xling,C1_en_rephrase,cal
xling_abstract_algebra_0062,xling,C1_zh_rephrase,cal
xling_abstract_algebra_0062,xling,H1_same_topic,cal
xling_abstract_algebra_0062,xling,H3_predating,cal
xling_abstract_algebra_0062,xling,R_random,cal
xling_abstract_algebra_0080,xling,C0_exact,train
xling_abstract_algebra_0080,xling,C1_en_rephrase,train
xling_abstract_algebra_0080,xling,C1_zh_rephrase,train
xling_abstract_algebra_0080,xling,H1_same_topic,train
xling_abstract_algebra_0080,xling,H3_predating,train
xling_abstract_algebra_0080,xling,R_random,train
xling_abstract_algebra_0022,xling,C0_exact,test
xling_abstract_algebra_0022,xling,C1_en_rephrase,test
xling_abstract_algebra_0022,xling,C1_zh_rephrase,test
xling_abstract_algebra_0022,xling,H1_same_topic,test
xling_abstract_algebra_0022,xling,H3_predating,test
xling_abstract_algebra_0022,xling,R_random,test
xling_abstract_algebra_0092,xling,C0_exact,test
xling_abstract_algebra_0092,xling,C1_en_rephrase,test
xling_abstract_algebra_0092,xling,C1_zh_rephrase,test
xling_abstract_algebra_0092,xling,H1_same_topic,test
xling_abstract_algebra_0092,xling,H3_predating,test
xling_abstract_algebra_0092,xling,R_random,test
xling_abstract_algebra_0075,xling,C0_exact,train
xling_abstract_algebra_0075,xling,C1_en_rephrase,train
xling_abstract_algebra_0075,xling,C1_zh_rephrase,train
xling_abstract_algebra_0075,xling,H1_same_topic,train
xling_abstract_algebra_0075,xling,H3_predating,train
xling_abstract_algebra_0075,xling,R_random,train
xling_abstract_algebra_0097,xling,C0_exact,train
xling_abstract_algebra_0097,xling,C1_en_rephrase,train
xling_abstract_algebra_0097,xling,C1_zh_rephrase,train
xling_abstract_algebra_0097,xling,H1_same_topic,train
xling_abstract_algebra_0097,xling,H3_predating,train
xling_abstract_algebra_0097,xling,R_random,train
xling_abstract_algebra_0028,xling,C0_exact,test
xling_abstract_algebra_0028,xling,C1_en_rephrase,test
xling_abstract_algebra_0028,xling,C1_zh_rephrase,test
xling_abstract_algebra_0028,xling,H1_same_topic,test
xling_abstract_algebra_0028,xling,H3_predating,test
xling_abstract_algebra_0028,xling,R_random,test
xling_abstract_algebra_0079,xling,C0_exact,cal
xling_abstract_algebra_0079,xling,C1_en_rephrase,cal
xling_abstract_algebra_0079,xling,C1_zh_rephrase,cal
xling_abstract_algebra_0079,xling,H1_same_topic,cal
xling_abstract_algebra_0079,xling,H3_predating,cal
xling_abstract_algebra_0079,xling,R_random,cal
xling_abstract_algebra_0024,xling,C0_exact,cal
xling_abstract_algebra_0024,xling,C1_en_rephrase,cal
xling_abstract_algebra_0024,xling,C1_zh_rephrase,cal
xling_abstract_algebra_0024,xling,H1_same_topic,cal
xling_abstract_algebra_0024,xling,H3_predating,cal
xling_abstract_algebra_0024,xling,R_random,cal
xling_abstract_algebra_0058,xling,C0_exact,test
xling_abstract_algebra_0058,xling,C1_en_rephrase,test
xling_abstract_algebra_0058,xling,C1_zh_rephrase,test
xling_abstract_algebra_0058,xling,H1_same_topic,test
xling_abstract_algebra_0058,xling,H3_predating,test
xling_abstract_algebra_0058,xling,R_random,test
xling_abstract_algebra_0005,xling,C0_exact,test
xling_abstract_algebra_0005,xling,C1_en_rephrase,test
xling_abstract_algebra_0005,xling,C1_zh_rephrase,test
xling_abstract_algebra_0005,xling,H1_same_topic,test
xling_abstract_algebra_0005,xling,H3_predating,test
xling_abstract_algebra_0005,xling,R_random,test
xling_abstract_algebra_0002,xling,C0_exact,train
xling_abstract_algebra_0002,xling,C1_en_rephrase,train
xling_abstract_algebra_0002,xling,C1_zh_rephrase,train
xling_abstract_algebra_0002,xling,H1_same_topic,train
xling_abstract_algebra_0002,xling,H3_predating,train
xling_abstract_algebra_0002,xling,R_random,train
xling_abstract_algebra_0033,xling,C0_exact,test
xling_abstract_algebra_0033,xling,C1_en_rephrase,test
xling_abstract_algebra_0033,xling,C1_zh_rephrase,test
xling_abstract_algebra_0033,xling,H1_same_topic,test
xling_abstract_algebra_0033,xling,H3_predating,test
xling_abstract_algebra_0033,xling,R_random,test
xling_abstract_algebra_0016,xling,C0_exact,train
xling_abstract_algebra_0016,xling,C1_en_rephrase,train
xling_abstract_algebra_0016,xling,C1_zh_rephrase,train
xling_abstract_algebra_0016,xling,H1_same_topic,train
xling_abstract_algebra_0016,xling,H3_predating,train
xling_abstract_algebra_0016,xling,R_random,train
xling_abstract_algebra_0008,xling,C0_exact,cal
xling_abstract_algebra_0008,xling,C1_en_rephrase,cal
xling_abstract_algebra_0008,xling,C1_zh_rephrase,cal
xling_abstract_algebra_0008,xling,H1_same_topic,cal
xling_abstract_algebra_0008,xling,H3_predating,cal
xling_abstract_algebra_0008,xling,R_random,cal
xling_abstract_algebra_0093,xling,C0_exact,test
xling_abstract_algebra_0093,xling,C1_en_rephrase,test
xling_abstract_algebra_0093,xling,C1_zh_rephrase,test
xling_abstract_algebra_0093,xling,H1_same_topic,test
xling_abstract_algebra_0093,xling,H3_predating,test
xling_abstract_algebra_0093,xling,R_random,test
xling_abstract_algebra_0087,xling,C0_exact,train
xling_abstract_algebra_0087,xling,C1_en_rephrase,train
xling_abstract_algebra_0087,xling,C1_zh_rephrase,train
xling_abstract_algebra_0087,xling,H1_same_topic,train
xling_abstract_algebra_0087,xling,H3_predating,train
xling_abstract_algebra_0087,xling,R_random,train
xling_abstract_algebra_0053,xling,C0_exact,train
xling_abstract_algebra_0053,xling,C1_en_rephrase,train
xling_abstract_algebra_0053,xling,C1_zh_rephrase,train
xling_abstract_algebra_0053,xling,H1_same_topic,train
xling_abstract_algebra_0053,xling,H3_predating,train
xling_abstract_algebra_0053,xling,R_random,train
xling_abstract_algebra_0072,xling,C0_exact,test
xling_abstract_algebra_0072,xling,C1_en_rephrase,test
xling_abstract_algebra_0072,xling,C1_zh_rephrase,test
xling_abstract_algebra_0072,xling,H1_same_topic,test
xling_abstract_algebra_0072,xling,H3_predating,test
xling_abstract_algebra_0072,xling,R_random,test
xling_abstract_algebra_0007,xling,C0_exact,test
xling_abstract_algebra_0007,xling,C1_en_rephrase,test
xling_abstract_algebra_0007,xling,C1_zh_rephrase,test
xling_abstract_algebra_0007,xling,H1_same_topic,test
xling_abstract_algebra_0007,xling,H3_predating,test
xling_abstract_algebra_0007,xling,R_random,test
xling_abstract_algebra_0081,xling,C0_exact,test
xling_abstract_algebra_0081,xling,C1_en_rephrase,test
xling_abstract_algebra_0081,xling,C1_zh_rephrase,test
xling_abstract_algebra_0081,xling,H1_same_topic,test
xling_abstract_algebra_0081,xling,H3_predating,test
xling_abstract_algebra_0081,xling,R_random,test
xling_abstract_algebra_0086,xling,C0_exact,train
xling_abstract_algebra_0086,xling,C1_en_rephrase,train
xling_abstract_algebra_0086,xling,C1_zh_rephrase,train
xling_abstract_algebra_0086,xling,H1_same_topic,train
xling_abstract_algebra_0086,xling,H3_predating,train
xling_abstract_algebra_0086,xling,R_random,train
xling_abstract_algebra_0091,xling,C0_exact,train
xling_abstract_algebra_0091,xling,C1_en_rephrase,train
xling_abstract_algebra_0091,xling,C1_zh_rephrase,train
xling_abstract_algebra_0091,xling,H1_same_topic,train
xling_abstract_algebra_0091,xling,H3_predating,train
xling_abstract_algebra_0091,xling,R_random,train
xling_abstract_algebra_0099,xling,C0_exact,test
xling_abstract_algebra_0099,xling,C1_en_rephrase,test
xling_abstract_algebra_0099,xling,C1_zh_rephrase,test
xling_abstract_algebra_0099,xling,H1_same_topic,test
xling_abstract_algebra_0099,xling,H3_predating,test
xling_abstract_algebra_0099,xling,R_random,test
xling_abstract_algebra_0041,xling,C0_exact,train
xling_abstract_algebra_0041,xling,C1_en_rephrase,train
xling_abstract_algebra_0041,xling,C1_zh_rephrase,train
xling_abstract_algebra_0041,xling,H1_same_topic,train
xling_abstract_algebra_0041,xling,H3_predating,train
xling_abstract_algebra_0041,xling,R_random,train
xling_abstract_algebra_0088,xling,C0_exact,train
xling_abstract_algebra_0088,xling,C1_en_rephrase,train
xling_abstract_algebra_0088,xling,C1_zh_rephrase,train
xling_abstract_algebra_0088,xling,H1_same_topic,train
xling_abstract_algebra_0088,xling,H3_predating,train
xling_abstract_algebra_0088,xling,R_random,train
xling_abstract_algebra_0056,xling,C0_exact,test
xling_abstract_algebra_0056,xling,C1_en_rephrase,test
xling_abstract_algebra_0056,xling,C1_zh_rephrase,test
xling_abstract_algebra_0056,xling,H1_same_topic,test
xling_abstract_algebra_0056,xling,H3_predating,test
xling_abstract_algebra_0056,xling,R_random,test
xling_abstract_algebra_0025,xling,C0_exact,train
xling_abstract_algebra_0025,xling,C1_en_rephrase,train
xling_abstract_algebra_0025,xling,C1_zh_rephrase,train
xling_abstract_algebra_0025,xling,H1_same_topic,train
xling_abstract_algebra_0025,xling,H3_predating,train
xling_abstract_algebra_0025,xling,R_random,train
xling_abstract_algebra_0031,xling,C0_exact,test
xling_abstract_algebra_0031,xling,C1_en_rephrase,test
xling_abstract_algebra_0031,xling,C1_zh_rephrase,test
xling_abstract_algebra_0031,xling,H1_same_topic,test
xling_abstract_algebra_0031,xling,H3_predating,test
xling_abstract_algebra_0031,xling,R_random,test
xling_abstract_algebra_0078,xling,C0_exact,cal
xling_abstract_algebra_0078,xling,C1_en_rephrase,cal
xling_abstract_algebra_0078,xling,C1_zh_rephrase,cal
xling_abstract_algebra_0078,xling,H1_same_topic,cal
xling_abstract_algebra_0078,xling,H3_predating,cal
xling_abstract_algebra_0078,xling,R_random,cal
xling_abstract_algebra_0083,xling,C0_exact,train
xling_abstract_algebra_0083,xling,C1_en_rephrase,train
xling_abstract_algebra_0083,xling,C1_zh_rephrase,train
xling_abstract_algebra_0083,xling,H1_same_topic,train
xling_abstract_algebra_0083,xling,H3_predating,train
xling_abstract_algebra_0083,xling,R_random,train
xling_college_biology_0119,xling,C0_exact,test
xling_college_biology_0119,xling,C1_en_rephrase,test
xling_college_biology_0119,xling,C1_zh_rephrase,test
xling_college_biology_0119,xling,H1_same_topic,test
xling_college_biology_0119,xling,H3_predating,test
xling_college_biology_0119,xling,R_random,test
xling_college_biology_0086,xling,C0_exact,cal
xling_college_biology_0086,xling,C1_en_rephrase,cal
xling_college_biology_0086,xling,C1_zh_rephrase,cal
xling_college_biology_0086,xling,H1_same_topic,cal
xling_college_biology_0086,xling,H3_predating,cal
xling_college_biology_0086,xling,R_random,cal
xling_college_biology_0063,xling,C0_exact,cal
xling_college_biology_0063,xling,C1_en_rephrase,cal
xling_college_biology_0063,xling,C1_zh_rephrase,cal
xling_college_biology_0063,xling,H1_same_topic,cal
xling_college_biology_0063,xling,H3_predating,cal
xling_college_biology_0063,xling,R_random,cal
xling_college_biology_0123,xling,C0_exact,train
xling_college_biology_0123,xling,C1_en_rephrase,train
xling_college_biology_0123,xling,C1_zh_rephrase,train
xling_college_biology_0123,xling,H1_same_topic,train
xling_college_biology_0123,xling,H3_predating,train
xling_college_biology_0123,xling,R_random,train
xling_college_biology_0018,xling,C0_exact,train
xling_college_biology_0018,xling,C1_en_rephrase,train
xling_college_biology_0018,xling,C1_zh_rephrase,train
xling_college_biology_0018,xling,H1_same_topic,train
xling_college_biology_0018,xling,H3_predating,train
xling_college_biology_0018,xling,R_random,train
xling_college_biology_0022,xling,C0_exact,train
xling_college_biology_0022,xling,C1_en_rephrase,train
xling_college_biology_0022,xling,C1_zh_rephrase,train
xling_college_biology_0022,xling,H1_same_topic,train
xling_college_biology_0022,xling,H3_predating,train
xling_college_biology_0022,xling,R_random,train
xling_college_biology_0060,xling,C0_exact,train
xling_college_biology_0060,xling,C1_en_rephrase,train
xling_college_biology_0060,xling,C1_zh_rephrase,train
xling_college_biology_0060,xling,H1_same_topic,train
xling_college_biology_0060,xling,H3_predating,train
xling_college_biology_0060,xling,R_random,train
xling_college_biology_0130,xling,C0_exact,test
xling_college_biology_0130,xling,C1_en_rephrase,test
xling_college_biology_0130,xling,C1_zh_rephrase,test
xling_college_biology_0130,xling,H1_same_topic,test
xling_college_biology_0130,xling,H3_predating,test
xling_college_biology_0130,xling,R_random,test
xling_college_biology_0011,xling,C0_exact,cal
xling_college_biology_0011,xling,C1_en_rephrase,cal
xling_college_biology_0011,xling,C1_zh_rephrase,cal
xling_college_biology_0011,xling,H1_same_topic,cal
xling_college_biology_0011,xling,H3_predating,cal
xling_college_biology_0011,xling,R_random,cal
xling_college_biology_0105,xling,C0_exact,train
xling_college_biology_0105,xling,C1_en_rephrase,train
xling_college_biology_0105,xling,C1_zh_rephrase,train
xling_college_biology_0105,xling,H1_same_topic,train
xling_college_biology_0105,xling,H3_predating,train
xling_college_biology_0105,xling,R_random,train
xling_college_biology_0030,xling,C0_exact,test
xling_college_biology_0030,xling,C1_en_rephrase,test
xling_college_biology_0030,xling,C1_zh_rephrase,test
xling_college_biology_0030,xling,H1_same_topic,test
xling_college_biology_0030,xling,H3_predating,test
xling_college_biology_0030,xling,R_random,test
xling_college_biology_0031,xling,C0_exact,train
xling_college_biology_0031,xling,C1_en_rephrase,train
xling_college_biology_0031,xling,C1_zh_rephrase,train
xling_college_biology_0031,xling,H1_same_topic,train
xling_college_biology_0031,xling,H3_predating,train
xling_college_biology_0031,xling,R_random,train
xling_college_biology_0045,xling,C0_exact,test
xling_college_biology_0045,xling,C1_en_rephrase,test
xling_college_biology_0045,xling,C1_zh_rephrase,test
xling_college_biology_0045,xling,H1_same_topic,test
xling_college_biology_0045,xling,H3_predating,test
xling_college_biology_0045,xling,R_random,test
xling_college_biology_0015,xling,C0_exact,cal
xling_college_biology_0015,xling,C1_en_rephrase,cal
xling_college_biology_0015,xling,C1_zh_rephrase,cal
xling_college_biology_0015,xling,H1_same_topic,cal
xling_college_biology_0015,xling,H3_predating,cal
xling_college_biology_0015,xling,R_random,cal
xling_college_biology_0072,xling,C0_exact,cal
xling_college_biology_0072,xling,C1_en_rephrase,cal
xling_college_biology_0072,xling,C1_zh_rephrase,cal
xling_college_biology_0072,xling,H1_same_topic,cal
xling_college_biology_0072,xling,H3_predating,cal
xling_college_biology_0072,xling,R_random,cal
xling_college_biology_0091,xling,C0_exact,cal
xling_college_biology_0091,xling,C1_en_rephrase,cal
xling_college_biology_0091,xling,C1_zh_rephrase,cal
xling_college_biology_0091,xling,H1_same_topic,cal
xling_college_biology_0091,xling,H3_predating,cal
xling_college_biology_0091,xling,R_random,cal
xling_college_biology_0134,xling,C0_exact,train
xling_college_biology_0134,xling,C1_en_rephrase,train
xling_college_biology_0134,xling,C1_zh_rephrase,train
xling_college_biology_0134,xling,H1_same_topic,train
xling_college_biology_0134,xling,H3_predating,train
xling_college_biology_0134,xling,R_random,train
xling_college_biology_0003,xling,C0_exact,train
xling_college_biology_0003,xling,C1_en_rephrase,train
xling_college_biology_0003,xling,C1_zh_rephrase,train
xling_college_biology_0003,xling,H1_same_topic,train
xling_college_biology_0003,xling,H3_predating,train
xling_college_biology_0003,xling,R_random,train
xling_college_biology_0070,xling,C0_exact,test
xling_college_biology_0070,xling,C1_en_rephrase,test
xling_college_biology_0070,xling,C1_zh_rephrase,test
xling_college_biology_0070,xling,H1_same_topic,test
xling_college_biology_0070,xling,H3_predating,test
xling_college_biology_0070,xling,R_random,test
xling_college_biology_0102,xling,C0_exact,cal
xling_college_biology_0102,xling,C1_en_rephrase,cal
xling_college_biology_0102,xling,C1_zh_rephrase,cal
xling_college_biology_0102,xling,H1_same_topic,cal
xling_college_biology_0102,xling,H3_predating,cal
xling_college_biology_0102,xling,R_random,cal
xling_college_biology_0124,xling,C0_exact,cal
xling_college_biology_0124,xling,C1_en_rephrase,cal
xling_college_biology_0124,xling,C1_zh_rephrase,cal
xling_college_biology_0124,xling,H1_same_topic,cal
xling_college_biology_0124,xling,H3_predating,cal
xling_college_biology_0124,xling,R_random,cal
xling_college_biology_0113,xling,C0_exact,train
xling_college_biology_0113,xling,C1_en_rephrase,train
xling_college_biology_0113,xling,C1_zh_rephrase,train
xling_college_biology_0113,xling,H1_same_topic,train
xling_college_biology_0113,xling,H3_predating,train
xling_college_biology_0113,xling,R_random,train
xling_college_biology_0014,xling,C0_exact,cal
xling_college_biology_0014,xling,C1_en_rephrase,cal
xling_college_biology_0014,xling,C1_zh_rephrase,cal
xling_college_biology_0014,xling,H1_same_topic,cal
xling_college_biology_0014,xling,H3_predating,cal
xling_college_biology_0014,xling,R_random,cal
xling_college_biology_0103,xling,C0_exact,train
xling_college_biology_0103,xling,C1_en_rephrase,train
xling_college_biology_0103,xling,C1_zh_rephrase,train
xling_college_biology_0103,xling,H1_same_topic,train
xling_college_biology_0103,xling,H3_predating,train
xling_college_biology_0103,xling,R_random,train
xling_college_biology_0000,xling,C0_exact,cal
xling_college_biology_0000,xling,C1_en_rephrase,cal
xling_college_biology_0000,xling,C1_zh_rephrase,cal
xling_college_biology_0000,xling,H1_same_topic,cal
xling_college_biology_0000,xling,H3_predating,cal
xling_college_biology_0000,xling,R_random,cal
xling_college_biology_0048,xling,C0_exact,test
xling_college_biology_0048,xling,C1_en_rephrase,test
xling_college_biology_0048,xling,C1_zh_rephrase,test
xling_college_biology_0048,xling,H1_same_topic,test
xling_college_biology_0048,xling,H3_predating,test
xling_college_biology_0048,xling,R_random,test
xling_college_biology_0017,xling,C0_exact,test
xling_college_biology_0017,xling,C1_en_rephrase,test
xling_college_biology_0017,xling,C1_zh_rephrase,test
xling_college_biology_0017,xling,H1_same_topic,test
xling_college_biology_0017,xling,H3_predating,test
xling_college_biology_0017,xling,R_random,test
xling_college_biology_0080,xling,C0_exact,cal
xling_college_biology_0080,xling,C1_en_rephrase,cal
xling_college_biology_0080,xling,C1_zh_rephrase,cal
xling_college_biology_0080,xling,H1_same_topic,cal
xling_college_biology_0080,xling,H3_predating,cal
xling_college_biology_0080,xling,R_random,cal
xling_college_biology_0090,xling,C0_exact,cal
xling_college_biology_0090,xling,C1_en_rephrase,cal
xling_college_biology_0090,xling,C1_zh_rephrase,cal
xling_college_biology_0090,xling,H1_same_topic,cal
xling_college_biology_0090,xling,H3_predating,cal
xling_college_biology_0090,xling,R_random,cal
xling_college_biology_0069,xling,C0_exact,test
xling_college_biology_0069,xling,C1_en_rephrase,test
xling_college_biology_0069,xling,C1_zh_rephrase,test
xling_college_biology_0069,xling,H1_same_topic,test
xling_college_biology_0069,xling,H3_predating,test
xling_college_biology_0069,xling,R_random,test
xling_college_biology_0057,xling,C0_exact,train
xling_college_biology_0057,xling,C1_en_rephrase,train
xling_college_biology_0057,xling,C1_zh_rephrase,train
xling_college_biology_0057,xling,H1_same_topic,train
xling_college_biology_0057,xling,H3_predating,train
xling_college_biology_0057,xling,R_random,train
xling_college_biology_0136,xling,C0_exact,train
xling_college_biology_0136,xling,C1_en_rephrase,train
xling_college_biology_0136,xling,C1_zh_rephrase,train
xling_college_biology_0136,xling,H1_same_topic,train
xling_college_biology_0136,xling,H3_predating,train
xling_college_biology_0136,xling,R_random,train
xling_college_biology_0051,xling,C0_exact,train
xling_college_biology_0051,xling,C1_en_rephrase,train
xling_college_biology_0051,xling,C1_zh_rephrase,train
xling_college_biology_0051,xling,H1_same_topic,train
xling_college_biology_0051,xling,H3_predating,train
xling_college_biology_0051,xling,R_random,train
xling_college_biology_0049,xling,C0_exact,cal
xling_college_biology_0049,xling,C1_en_rephrase,cal
xling_college_biology_0049,xling,C1_zh_rephrase,cal
xling_college_biology_0049,xling,H1_same_topic,cal
xling_college_biology_0049,xling,H3_predating,cal
xling_college_biology_0049,xling,R_random,cal
xling_college_biology_0035,xling,C0_exact,cal
xling_college_biology_0035,xling,C1_en_rephrase,cal
xling_college_biology_0035,xling,C1_zh_rephrase,cal
xling_college_biology_0035,xling,H1_same_topic,cal
xling_college_biology_0035,xling,H3_predating,cal
xling_college_biology_0035,xling,R_random,cal
xling_college_biology_0126,xling,C0_exact,train
xling_college_biology_0126,xling,C1_en_rephrase,train
xling_college_biology_0126,xling,C1_zh_rephrase,train
xling_college_biology_0126,xling,H1_same_topic,train
xling_college_biology_0126,xling,H3_predating,train
xling_college_biology_0126,xling,R_random,train
xling_college_biology_0115,xling,C0_exact,cal
xling_college_biology_0115,xling,C1_en_rephrase,cal
xling_college_biology_0115,xling,C1_zh_rephrase,cal
xling_college_biology_0115,xling,H1_same_topic,cal
xling_college_biology_0115,xling,H3_predating,cal
xling_college_biology_0115,xling,R_random,cal
xling_college_biology_0106,xling,C0_exact,test
xling_college_biology_0106,xling,C1_en_rephrase,test
xling_college_biology_0106,xling,C1_zh_rephrase,test
xling_college_biology_0106,xling,H1_same_topic,test
xling_college_biology_0106,xling,H3_predating,test
xling_college_biology_0106,xling,R_random,test
xling_college_biology_0127,xling,C0_exact,test
xling_college_biology_0127,xling,C1_en_rephrase,test
xling_college_biology_0127,xling,C1_zh_rephrase,test
xling_college_biology_0127,xling,H1_same_topic,test
xling_college_biology_0127,xling,H3_predating,test
xling_college_biology_0127,xling,R_random,test
xling_college_biology_0110,xling,C0_exact,train
xling_college_biology_0110,xling,C1_en_rephrase,train
xling_college_biology_0110,xling,C1_zh_rephrase,train
xling_college_biology_0110,xling,H1_same_topic,train
xling_college_biology_0110,xling,H3_predating,train
xling_college_biology_0110,xling,R_random,train
xling_computer_security_0078,xling,C0_exact,test
xling_computer_security_0078,xling,C1_en_rephrase,test
xling_computer_security_0078,xling,C1_zh_rephrase,test
xling_computer_security_0078,xling,H1_same_topic,test
xling_computer_security_0078,xling,H3_predating,test
xling_computer_security_0078,xling,R_random,test
xling_computer_security_0065,xling,C0_exact,cal
xling_computer_security_0065,xling,C1_en_rephrase,cal
xling_computer_security_0065,xling,C1_zh_rephrase,cal
xling_computer_security_0065,xling,H1_same_topic,cal
xling_computer_security_0065,xling,H3_predating,cal
xling_computer_security_0065,xling,R_random,cal
xling_computer_security_0061,xling,C0_exact,train
xling_computer_security_0061,xling,C1_en_rephrase,train
xling_computer_security_0061,xling,C1_zh_rephrase,train
xling_computer_security_0061,xling,H1_same_topic,train
xling_computer_security_0061,xling,H3_predating,train
xling_computer_security_0061,xling,R_random,train
xling_computer_security_0004,xling,C0_exact,cal
xling_computer_security_0004,xling,C1_en_rephrase,cal
xling_computer_security_0004,xling,C1_zh_rephrase,cal
xling_computer_security_0004,xling,H1_same_topic,cal
xling_computer_security_0004,xling,H3_predating,cal
xling_computer_security_0004,xling,R_random,cal
xling_computer_security_0081,xling,C0_exact,train
xling_computer_security_0081,xling,C1_en_rephrase,train
xling_computer_security_0081,xling,C1_zh_rephrase,train
xling_computer_security_0081,xling,H1_same_topic,train
xling_computer_security_0081,xling,H3_predating,train
xling_computer_security_0081,xling,R_random,train
xling_computer_security_0089,xling,C0_exact,cal
xling_computer_security_0089,xling,C1_en_rephrase,cal
xling_computer_security_0089,xling,C1_zh_rephrase,cal
xling_computer_security_0089,xling,H1_same_topic,cal
xling_computer_security_0089,xling,H3_predating,cal
xling_computer_security_0089,xling,R_random,cal
xling_computer_security_0086,xling,C0_exact,cal
xling_computer_security_0086,xling,C1_en_rephrase,cal
xling_computer_security_0086,xling,C1_zh_rephrase,cal
xling_computer_security_0086,xling,H1_same_topic,cal
xling_computer_security_0086,xling,H3_predating,cal
xling_computer_security_0086,xling,R_random,cal
xling_computer_security_0017,xling,C0_exact,cal
xling_computer_security_0017,xling,C1_en_rephrase,cal
xling_computer_security_0017,xling,C1_zh_rephrase,cal
xling_computer_security_0017,xling,H1_same_topic,cal
xling_computer_security_0017,xling,H3_predating,cal
xling_computer_security_0017,xling,R_random,cal
xling_computer_security_0080,xling,C0_exact,cal
xling_computer_security_0080,xling,C1_en_rephrase,cal
xling_computer_security_0080,xling,C1_zh_rephrase,cal
xling_computer_security_0080,xling,H1_same_topic,cal
xling_computer_security_0080,xling,H3_predating,cal
xling_computer_security_0080,xling,R_random,cal
xling_computer_security_0088,xling,C0_exact,cal
xling_computer_security_0088,xling,C1_en_rephrase,cal
xling_computer_security_0088,xling,C1_zh_rephrase,cal
xling_computer_security_0088,xling,H1_same_topic,cal
xling_computer_security_0088,xling,H3_predating,cal
xling_computer_security_0088,xling,R_random,cal
xling_computer_security_0071,xling,C0_exact,train
xling_computer_security_0071,xling,C1_en_rephrase,train
xling_computer_security_0071,xling,C1_zh_rephrase,train
xling_computer_security_0071,xling,H1_same_topic,train
xling_computer_security_0071,xling,H3_predating,train
xling_computer_security_0071,xling,R_random,train
xling_computer_security_0031,xling,C0_exact,cal
xling_computer_security_0031,xling,C1_en_rephrase,cal
xling_computer_security_0031,xling,C1_zh_rephrase,cal
xling_computer_security_0031,xling,H1_same_topic,cal
xling_computer_security_0031,xling,H3_predating,cal
xling_computer_security_0031,xling,R_random,cal
xling_computer_security_0064,xling,C0_exact,test
xling_computer_security_0064,xling,C1_en_rephrase,test
xling_computer_security_0064,xling,C1_zh_rephrase,test
xling_computer_security_0064,xling,H1_same_topic,test
xling_computer_security_0064,xling,H3_predating,test
xling_computer_security_0064,xling,R_random,test
xling_computer_security_0079,xling,C0_exact,test
xling_computer_security_0079,xling,C1_en_rephrase,test
xling_computer_security_0079,xling,C1_zh_rephrase,test
xling_computer_security_0079,xling,H1_same_topic,test
xling_computer_security_0079,xling,H3_predating,test
xling_computer_security_0079,xling,R_random,test
xling_computer_security_0026,xling,C0_exact,train
xling_computer_security_0026,xling,C1_en_rephrase,train
xling_computer_security_0026,xling,C1_zh_rephrase,train
xling_computer_security_0026,xling,H1_same_topic,train
xling_computer_security_0026,xling,H3_predating,train
xling_computer_security_0026,xling,R_random,train
xling_computer_security_0020,xling,C0_exact,cal
xling_computer_security_0020,xling,C1_en_rephrase,cal
xling_computer_security_0020,xling,C1_zh_rephrase,cal
xling_computer_security_0020,xling,H1_same_topic,cal
xling_computer_security_0020,xling,H3_predating,cal
xling_computer_security_0020,xling,R_random,cal
xling_computer_security_0002,xling,C0_exact,test
xling_computer_security_0002,xling,C1_en_rephrase,test
xling_computer_security_0002,xling,C1_zh_rephrase,test
xling_computer_security_0002,xling,H1_same_topic,test
xling_computer_security_0002,xling,H3_predating,test
xling_computer_security_0002,xling,R_random,test
xling_computer_security_0044,xling,C0_exact,train
xling_computer_security_0044,xling,C1_en_rephrase,train
xling_computer_security_0044,xling,C1_zh_rephrase,train
xling_computer_security_0044,xling,H1_same_topic,train
xling_computer_security_0044,xling,H3_predating,train
xling_computer_security_0044,xling,R_random,train
xling_computer_security_0033,xling,C0_exact,test
xling_computer_security_0033,xling,C1_en_rephrase,test
xling_computer_security_0033,xling,C1_zh_rephrase,test
xling_computer_security_0033,xling,H1_same_topic,test
xling_computer_security_0033,xling,H3_predating,test
xling_computer_security_0033,xling,R_random,test
xling_computer_security_0082,xling,C0_exact,test
xling_computer_security_0082,xling,C1_en_rephrase,test
xling_computer_security_0082,xling,C1_zh_rephrase,test
xling_computer_security_0082,xling,H1_same_topic,test
xling_computer_security_0082,xling,H3_predating,test
xling_computer_security_0082,xling,R_random,test
xling_computer_security_0094,xling,C0_exact,cal
xling_computer_security_0094,xling,C1_en_rephrase,cal
xling_computer_security_0094,xling,C1_zh_rephrase,cal
xling_computer_security_0094,xling,H1_same_topic,cal
xling_computer_security_0094,xling,H3_predating,cal
xling_computer_security_0094,xling,R_random,cal
xling_computer_security_0054,xling,C0_exact,train
xling_computer_security_0054,xling,C1_en_rephrase,train
xling_computer_security_0054,xling,C1_zh_rephrase,train
xling_computer_security_0054,xling,H1_same_topic,train
xling_computer_security_0054,xling,H3_predating,train
xling_computer_security_0054,xling,R_random,train
xling_computer_security_0096,xling,C0_exact,cal
xling_computer_security_0096,xling,C1_en_rephrase,cal
xling_computer_security_0096,xling,C1_zh_rephrase,cal
xling_computer_security_0096,xling,H1_same_topic,cal
xling_computer_security_0096,xling,H3_predating,cal
xling_computer_security_0096,xling,R_random,cal
xling_computer_security_0037,xling,C0_exact,train
xling_computer_security_0037,xling,C1_en_rephrase,train
xling_computer_security_0037,xling,C1_zh_rephrase,train
xling_computer_security_0037,xling,H1_same_topic,train
xling_computer_security_0037,xling,H3_predating,train
xling_computer_security_0037,xling,R_random,train
xling_computer_security_0038,xling,C0_exact,train
xling_computer_security_0038,xling,C1_en_rephrase,train
xling_computer_security_0038,xling,C1_zh_rephrase,train
xling_computer_security_0038,xling,H1_same_topic,train
xling_computer_security_0038,xling,H3_predating,train
xling_computer_security_0038,xling,R_random,train
xling_computer_security_0045,xling,C0_exact,train
xling_computer_security_0045,xling,C1_en_rephrase,train
xling_computer_security_0045,xling,C1_zh_rephrase,train
xling_computer_security_0045,xling,H1_same_topic,train
xling_computer_security_0045,xling,H3_predating,train
xling_computer_security_0045,xling,R_random,train
xling_computer_security_0093,xling,C0_exact,train
xling_computer_security_0093,xling,C1_en_rephrase,train
xling_computer_security_0093,xling,C1_zh_rephrase,train
xling_computer_security_0093,xling,H1_same_topic,train
xling_computer_security_0093,xling,H3_predating,train
xling_computer_security_0093,xling,R_random,train
xling_computer_security_0058,xling,C0_exact,train
xling_computer_security_0058,xling,C1_en_rephrase,train
xling_computer_security_0058,xling,C1_zh_rephrase,train
xling_computer_security_0058,xling,H1_same_topic,train
xling_computer_security_0058,xling,H3_predating,train
xling_computer_security_0058,xling,R_random,train
xling_computer_security_0042,xling,C0_exact,train
xling_computer_security_0042,xling,C1_en_rephrase,train
xling_computer_security_0042,xling,C1_zh_rephrase,train
xling_computer_security_0042,xling,H1_same_topic,train
xling_computer_security_0042,xling,H3_predating,train
xling_computer_security_0042,xling,R_random,train
xling_computer_security_0056,xling,C0_exact,test
xling_computer_security_0056,xling,C1_en_rephrase,test
xling_computer_security_0056,xling,C1_zh_rephrase,test
xling_computer_security_0056,xling,H1_same_topic,test
xling_computer_security_0056,xling,H3_predating,test
xling_computer_security_0056,xling,R_random,test
xling_computer_security_0072,xling,C0_exact,train
xling_computer_security_0072,xling,C1_en_rephrase,train
xling_computer_security_0072,xling,C1_zh_rephrase,train
xling_computer_security_0072,xling,H1_same_topic,train
xling_computer_security_0072,xling,H3_predating,train
xling_computer_security_0072,xling,R_random,train
xling_computer_security_0019,xling,C0_exact,cal
xling_computer_security_0019,xling,C1_en_rephrase,cal
xling_computer_security_0019,xling,C1_zh_rephrase,cal
xling_computer_security_0019,xling,H1_same_topic,cal
xling_computer_security_0019,xling,H3_predating,cal
xling_computer_security_0019,xling,R_random,cal
xling_computer_security_0049,xling,C0_exact,cal
xling_computer_security_0049,xling,C1_en_rephrase,cal
xling_computer_security_0049,xling,C1_zh_rephrase,cal
xling_computer_security_0049,xling,H1_same_topic,cal
xling_computer_security_0049,xling,H3_predating,cal
xling_computer_security_0049,xling,R_random,cal
xling_computer_security_0075,xling,C0_exact,cal
xling_computer_security_0075,xling,C1_en_rephrase,cal
xling_computer_security_0075,xling,C1_zh_rephrase,cal
xling_computer_security_0075,xling,H1_same_topic,cal
xling_computer_security_0075,xling,H3_predating,cal
xling_computer_security_0075,xling,R_random,cal
xling_computer_security_0014,xling,C0_exact,train
xling_computer_security_0014,xling,C1_en_rephrase,train
xling_computer_security_0014,xling,C1_zh_rephrase,train
xling_computer_security_0014,xling,H1_same_topic,train
xling_computer_security_0014,xling,H3_predating,train
xling_computer_security_0014,xling,R_random,train
xling_computer_security_0005,xling,C0_exact,test
xling_computer_security_0005,xling,C1_en_rephrase,test
xling_computer_security_0005,xling,C1_zh_rephrase,test
xling_computer_security_0005,xling,H1_same_topic,test
xling_computer_security_0005,xling,H3_predating,test
xling_computer_security_0005,xling,R_random,test
xling_computer_security_0050,xling,C0_exact,cal
xling_computer_security_0050,xling,C1_en_rephrase,cal
xling_computer_security_0050,xling,C1_zh_rephrase,cal
xling_computer_security_0050,xling,H1_same_topic,cal
xling_computer_security_0050,xling,H3_predating,cal
xling_computer_security_0050,xling,R_random,cal
xling_computer_security_0066,xling,C0_exact,cal
xling_computer_security_0066,xling,C1_en_rephrase,cal
xling_computer_security_0066,xling,C1_zh_rephrase,cal
xling_computer_security_0066,xling,H1_same_topic,cal
xling_computer_security_0066,xling,H3_predating,cal
xling_computer_security_0066,xling,R_random,cal
xling_computer_security_0077,xling,C0_exact,train
xling_computer_security_0077,xling,C1_en_rephrase,train
xling_computer_security_0077,xling,C1_zh_rephrase,train
xling_computer_security_0077,xling,H1_same_topic,train
xling_computer_security_0077,xling,H3_predating,train
xling_computer_security_0077,xling,R_random,train
xling_computer_security_0034,xling,C0_exact,train
xling_computer_security_0034,xling,C1_en_rephrase,train
xling_computer_security_0034,xling,C1_zh_rephrase,train
xling_computer_security_0034,xling,H1_same_topic,train
xling_computer_security_0034,xling,H3_predating,train
xling_computer_security_0034,xling,R_random,train
xling_conceptual_physics_0232,xling,C0_exact,test
xling_conceptual_physics_0232,xling,C1_en_rephrase,test
xling_conceptual_physics_0232,xling,C1_zh_rephrase,test
xling_conceptual_physics_0232,xling,H1_same_topic,test
xling_conceptual_physics_0232,xling,H3_predating,test
xling_conceptual_physics_0232,xling,R_random,test
xling_conceptual_physics_0128,xling,C0_exact,test
xling_conceptual_physics_0128,xling,C1_en_rephrase,test
xling_conceptual_physics_0128,xling,C1_zh_rephrase,test
xling_conceptual_physics_0128,xling,H1_same_topic,test
xling_conceptual_physics_0128,xling,H3_predating,test
xling_conceptual_physics_0128,xling,R_random,test
xling_conceptual_physics_0104,xling,C0_exact,train
xling_conceptual_physics_0104,xling,C1_en_rephrase,train
xling_conceptual_physics_0104,xling,C1_zh_rephrase,train
xling_conceptual_physics_0104,xling,H1_same_topic,train
xling_conceptual_physics_0104,xling,H3_predating,train
xling_conceptual_physics_0104,xling,R_random,train
xling_conceptual_physics_0097,xling,C0_exact,test
xling_conceptual_physics_0097,xling,C1_en_rephrase,test
xling_conceptual_physics_0097,xling,C1_zh_rephrase,test
xling_conceptual_physics_0097,xling,H1_same_topic,test
xling_conceptual_physics_0097,xling,H3_predating,test
xling_conceptual_physics_0097,xling,R_random,test
xling_conceptual_physics_0153,xling,C0_exact,train
xling_conceptual_physics_0153,xling,C1_en_rephrase,train
xling_conceptual_physics_0153,xling,C1_zh_rephrase,train
xling_conceptual_physics_0153,xling,H1_same_topic,train
xling_conceptual_physics_0153,xling,H3_predating,train
xling_conceptual_physics_0153,xling,R_random,train
xling_conceptual_physics_0188,xling,C0_exact,test
xling_conceptual_physics_0188,xling,C1_en_rephrase,test
xling_conceptual_physics_0188,xling,C1_zh_rephrase,test
xling_conceptual_physics_0188,xling,H1_same_topic,test
xling_conceptual_physics_0188,xling,H3_predating,test
xling_conceptual_physics_0188,xling,R_random,test
xling_conceptual_physics_0122,xling,C0_exact,cal
xling_conceptual_physics_0122,xling,C1_en_rephrase,cal
xling_conceptual_physics_0122,xling,C1_zh_rephrase,cal
xling_conceptual_physics_0122,xling,H1_same_topic,cal
xling_conceptual_physics_0122,xling,H3_predating,cal
xling_conceptual_physics_0122,xling,R_random,cal
xling_conceptual_physics_0098,xling,C0_exact,cal
xling_conceptual_physics_0098,xling,C1_en_rephrase,cal
xling_conceptual_physics_0098,xling,C1_zh_rephrase,cal
xling_conceptual_physics_0098,xling,H1_same_topic,cal
xling_conceptual_physics_0098,xling,H3_predating,cal
xling_conceptual_physics_0098,xling,R_random,cal
xling_conceptual_physics_0092,xling,C0_exact,cal
xling_conceptual_physics_0092,xling,C1_en_rephrase,cal
xling_conceptual_physics_0092,xling,C1_zh_rephrase,cal
xling_conceptual_physics_0092,xling,H1_same_topic,cal
xling_conceptual_physics_0092,xling,H3_predating,cal
xling_conceptual_physics_0092,xling,R_random,cal
xling_conceptual_physics_0052,xling,C0_exact,test
xling_conceptual_physics_0052,xling,C1_en_rephrase,test
xling_conceptual_physics_0052,xling,C1_zh_rephrase,test
xling_conceptual_physics_0052,xling,H1_same_topic,test
xling_conceptual_physics_0052,xling,H3_predating,test
xling_conceptual_physics_0052,xling,R_random,test
xling_conceptual_physics_0210,xling,C0_exact,cal
xling_conceptual_physics_0210,xling,C1_en_rephrase,cal
xling_conceptual_physics_0210,xling,C1_zh_rephrase,cal
xling_conceptual_physics_0210,xling,H1_same_topic,cal
xling_conceptual_physics_0210,xling,H3_predating,cal
xling_conceptual_physics_0210,xling,R_random,cal
xling_conceptual_physics_0177,xling,C0_exact,cal
xling_conceptual_physics_0177,xling,C1_en_rephrase,cal
xling_conceptual_physics_0177,xling,C1_zh_rephrase,cal
xling_conceptual_physics_0177,xling,H1_same_topic,cal
xling_conceptual_physics_0177,xling,H3_predating,cal
xling_conceptual_physics_0177,xling,R_random,cal
xling_conceptual_physics_0081,xling,C0_exact,train
xling_conceptual_physics_0081,xling,C1_en_rephrase,train
xling_conceptual_physics_0081,xling,C1_zh_rephrase,train
xling_conceptual_physics_0081,xling,H1_same_topic,train
xling_conceptual_physics_0081,xling,H3_predating,train
xling_conceptual_physics_0081,xling,R_random,train
xling_conceptual_physics_0002,xling,C0_exact,train
xling_conceptual_physics_0002,xling,C1_en_rephrase,train
xling_conceptual_physics_0002,xling,C1_zh_rephrase,train
xling_conceptual_physics_0002,xling,H1_same_topic,train
xling_conceptual_physics_0002,xling,H3_predating,train
xling_conceptual_physics_0002,xling,R_random,train
xling_conceptual_physics_0047,xling,C0_exact,test
xling_conceptual_physics_0047,xling,C1_en_rephrase,test
xling_conceptual_physics_0047,xling,C1_zh_rephrase,test
xling_conceptual_physics_0047,xling,H1_same_topic,test
xling_conceptual_physics_0047,xling,H3_predating,test
xling_conceptual_physics_0047,xling,R_random,test
xling_conceptual_physics_0162,xling,C0_exact,train
xling_conceptual_physics_0162,xling,C1_en_rephrase,train
xling_conceptual_physics_0162,xling,C1_zh_rephrase,train
xling_conceptual_physics_0162,xling,H1_same_topic,train
xling_conceptual_physics_0162,xling,H3_predating,train
xling_conceptual_physics_0162,xling,R_random,train
xling_conceptual_physics_0032,xling,C0_exact,train
xling_conceptual_physics_0032,xling,C1_en_rephrase,train
xling_conceptual_physics_0032,xling,C1_zh_rephrase,train
xling_conceptual_physics_0032,xling,H1_same_topic,train
xling_conceptual_physics_0032,xling,H3_predating,train
xling_conceptual_physics_0032,xling,R_random,train
xling_conceptual_physics_0046,xling,C0_exact,test
xling_conceptual_physics_0046,xling,C1_en_rephrase,test
xling_conceptual_physics_0046,xling,C1_zh_rephrase,test
xling_conceptual_physics_0046,xling,H1_same_topic,test
xling_conceptual_physics_0046,xling,H3_predating,test
xling_conceptual_physics_0046,xling,R_random,test
xling_conceptual_physics_0217,xling,C0_exact,cal
xling_conceptual_physics_0217,xling,C1_en_rephrase,cal
xling_conceptual_physics_0217,xling,C1_zh_rephrase,cal
xling_conceptual_physics_0217,xling,H1_same_topic,cal
xling_conceptual_physics_0217,xling,H3_predating,cal
xling_conceptual_physics_0217,xling,R_random,cal
xling_conceptual_physics_0166,xling,C0_exact,train
xling_conceptual_physics_0166,xling,C1_en_rephrase,train
xling_conceptual_physics_0166,xling,C1_zh_rephrase,train
xling_conceptual_physics_0166,xling,H1_same_topic,train
xling_conceptual_physics_0166,xling,H3_predating,train
xling_conceptual_physics_0166,xling,R_random,train
xling_conceptual_physics_0001,xling,C0_exact,test
xling_conceptual_physics_0001,xling,C1_en_rephrase,test
xling_conceptual_physics_0001,xling,C1_zh_rephrase,test
xling_conceptual_physics_0001,xling,H1_same_topic,test
xling_conceptual_physics_0001,xling,H3_predating,test
xling_conceptual_physics_0001,xling,R_random,test
xling_conceptual_physics_0114,xling,C0_exact,test
xling_conceptual_physics_0114,xling,C1_en_rephrase,test
xling_conceptual_physics_0114,xling,C1_zh_rephrase,test
xling_conceptual_physics_0114,xling,H1_same_topic,test
xling_conceptual_physics_0114,xling,H3_predating,test
xling_conceptual_physics_0114,xling,R_random,test
xling_conceptual_physics_0045,xling,C0_exact,train
xling_conceptual_physics_0045,xling,C1_en_rephrase,train
xling_conceptual_physics_0045,xling,C1_zh_rephrase,train
xling_conceptual_physics_0045,xling,H1_same_topic,train
xling_conceptual_physics_0045,xling,H3_predating,train
xling_conceptual_physics_0045,xling,R_random,train
xling_conceptual_physics_0054,xling,C0_exact,cal
xling_conceptual_physics_0054,xling,C1_en_rephrase,cal
xling_conceptual_physics_0054,xling,C1_zh_rephrase,cal
xling_conceptual_physics_0054,xling,H1_same_topic,cal
xling_conceptual_physics_0054,xling,H3_predating,cal
xling_conceptual_physics_0054,xling,R_random,cal
xling_conceptual_physics_0142,xling,C0_exact,train
xling_conceptual_physics_0142,xling,C1_en_rephrase,train
xling_conceptual_physics_0142,xling,C1_zh_rephrase,train
xling_conceptual_physics_0142,xling,H1_same_topic,train
xling_conceptual_physics_0142,xling,H3_predating,train
xling_conceptual_physics_0142,xling,R_random,train
xling_conceptual_physics_0014,xling,C0_exact,train
xling_conceptual_physics_0014,xling,C1_en_rephrase,train
xling_conceptual_physics_0014,xling,C1_zh_rephrase,train
xling_conceptual_physics_0014,xling,H1_same_topic,train
xling_conceptual_physics_0014,xling,H3_predating,train
xling_conceptual_physics_0014,xling,R_random,train
xling_conceptual_physics_0220,xling,C0_exact,cal
xling_conceptual_physics_0220,xling,C1_en_rephrase,cal
xling_conceptual_physics_0220,xling,C1_zh_rephrase,cal
xling_conceptual_physics_0220,xling,H1_same_topic,cal
xling_conceptual_physics_0220,xling,H3_predating,cal
xling_conceptual_physics_0220,xling,R_random,cal
xling_conceptual_physics_0038,xling,C0_exact,train
xling_conceptual_physics_0038,xling,C1_en_rephrase,train
xling_conceptual_physics_0038,xling,C1_zh_rephrase,train
xling_conceptual_physics_0038,xling,H1_same_topic,train
xling_conceptual_physics_0038,xling,H3_predating,train
xling_conceptual_physics_0038,xling,R_random,train
xling_conceptual_physics_0036,xling,C0_exact,test
xling_conceptual_physics_0036,xling,C1_en_rephrase,test
xling_conceptual_physics_0036,xling,C1_zh_rephrase,test
xling_conceptual_physics_0036,xling,H1_same_topic,test
xling_conceptual_physics_0036,xling,H3_predating,test
xling_conceptual_physics_0036,xling,R_random,test
xling_conceptual_physics_0069,xling,C0_exact,train
xling_conceptual_physics_0069,xling,C1_en_rephrase,train
xling_conceptual_physics_0069,xling,C1_zh_rephrase,train
xling_conceptual_physics_0069,xling,H1_same_topic,train
xling_conceptual_physics_0069,xling,H3_predating,train
xling_conceptual_physics_0069,xling,R_random,train
xling_conceptual_physics_0042,xling,C0_exact,train
xling_conceptual_physics_0042,xling,C1_en_rephrase,train
xling_conceptual_physics_0042,xling,C1_zh_rephrase,train
xling_conceptual_physics_0042,xling,H1_same_topic,train
xling_conceptual_physics_0042,xling,H3_predating,train
xling_conceptual_physics_0042,xling,R_random,train
xling_conceptual_physics_0184,xling,C0_exact,train
xling_conceptual_physics_0184,xling,C1_en_rephrase,train
xling_conceptual_physics_0184,xling,C1_zh_rephrase,train
xling_conceptual_physics_0184,xling,H1_same_topic,train
xling_conceptual_physics_0184,xling,H3_predating,train
xling_conceptual_physics_0184,xling,R_random,train
xling_conceptual_physics_0209,xling,C0_exact,cal
xling_conceptual_physics_0209,xling,C1_en_rephrase,cal
xling_conceptual_physics_0209,xling,C1_zh_rephrase,cal
xling_conceptual_physics_0209,xling,H1_same_topic,cal
xling_conceptual_physics_0209,xling,H3_predating,cal
xling_conceptual_physics_0209,xling,R_random,cal
xling_conceptual_physics_0173,xling,C0_exact,train
xling_conceptual_physics_0173,xling,C1_en_rephrase,train
xling_conceptual_physics_0173,xling,C1_zh_rephrase,train
xling_conceptual_physics_0173,xling,H1_same_topic,train
xling_conceptual_physics_0173,xling,H3_predating,train
xling_conceptual_physics_0173,xling,R_random,train
xling_conceptual_physics_0156,xling,C0_exact,train
xling_conceptual_physics_0156,xling,C1_en_rephrase,train
xling_conceptual_physics_0156,xling,C1_zh_rephrase,train
xling_conceptual_physics_0156,xling,H1_same_topic,train
xling_conceptual_physics_0156,xling,H3_predating,train
xling_conceptual_physics_0156,xling,R_random,train
xling_conceptual_physics_0033,xling,C0_exact,train
xling_conceptual_physics_0033,xling,C1_en_rephrase,train
xling_conceptual_physics_0033,xling,C1_zh_rephrase,train
xling_conceptual_physics_0033,xling,H1_same_topic,train
xling_conceptual_physics_0033,xling,H3_predating,train
xling_conceptual_physics_0033,xling,R_random,train
xling_conceptual_physics_0123,xling,C0_exact,train
xling_conceptual_physics_0123,xling,C1_en_rephrase,train
xling_conceptual_physics_0123,xling,C1_zh_rephrase,train
xling_conceptual_physics_0123,xling,H1_same_topic,train
xling_conceptual_physics_0123,xling,H3_predating,train
xling_conceptual_physics_0123,xling,R_random,train
xling_conceptual_physics_0072,xling,C0_exact,train
xling_conceptual_physics_0072,xling,C1_en_rephrase,train
xling_conceptual_physics_0072,xling,C1_zh_rephrase,train
xling_conceptual_physics_0072,xling,H1_same_topic,train
xling_conceptual_physics_0072,xling,H3_predating,train
xling_conceptual_physics_0072,xling,R_random,train
xling_conceptual_physics_0019,xling,C0_exact,test
xling_conceptual_physics_0019,xling,C1_en_rephrase,test
xling_conceptual_physics_0019,xling,C1_zh_rephrase,test
xling_conceptual_physics_0019,xling,H1_same_topic,test
xling_conceptual_physics_0019,xling,H3_predating,test
xling_conceptual_physics_0019,xling,R_random,test
xling_conceptual_physics_0148,xling,C0_exact,cal
xling_conceptual_physics_0148,xling,C1_en_rephrase,cal
xling_conceptual_physics_0148,xling,C1_zh_rephrase,cal
xling_conceptual_physics_0148,xling,H1_same_topic,cal
xling_conceptual_physics_0148,xling,H3_predating,cal
xling_conceptual_physics_0148,xling,R_random,cal
xling_econometrics_0035,xling,C0_exact,cal
xling_econometrics_0035,xling,C1_en_rephrase,cal
xling_econometrics_0035,xling,C1_zh_rephrase,cal
xling_econometrics_0035,xling,H1_same_topic,cal
xling_econometrics_0035,xling,H3_predating,cal
xling_econometrics_0035,xling,R_random,cal
xling_econometrics_0007,xling,C0_exact,cal
xling_econometrics_0007,xling,C1_en_rephrase,cal
xling_econometrics_0007,xling,C1_zh_rephrase,cal
xling_econometrics_0007,xling,H1_same_topic,cal
xling_econometrics_0007,xling,H3_predating,cal
xling_econometrics_0007,xling,R_random,cal
xling_econometrics_0069,xling,C0_exact,test
xling_econometrics_0069,xling,C1_en_rephrase,test
xling_econometrics_0069,xling,C1_zh_rephrase,test
xling_econometrics_0069,xling,H1_same_topic,test
xling_econometrics_0069,xling,H3_predating,test
xling_econometrics_0069,xling,R_random,test
xling_econometrics_0068,xling,C0_exact,test
xling_econometrics_0068,xling,C1_en_rephrase,test
xling_econometrics_0068,xling,C1_zh_rephrase,test
xling_econometrics_0068,xling,H1_same_topic,test
xling_econometrics_0068,xling,H3_predating,test
xling_econometrics_0068,xling,R_random,test
xling_econometrics_0031,xling,C0_exact,test
xling_econometrics_0031,xling,C1_en_rephrase,test
xling_econometrics_0031,xling,C1_zh_rephrase,test
xling_econometrics_0031,xling,H1_same_topic,test
xling_econometrics_0031,xling,H3_predating,test
xling_econometrics_0031,xling,R_random,test
xling_econometrics_0018,xling,C0_exact,cal
xling_econometrics_0018,xling,C1_en_rephrase,cal
xling_econometrics_0018,xling,C1_zh_rephrase,cal
xling_econometrics_0018,xling,H1_same_topic,cal
xling_econometrics_0018,xling,H3_predating,cal
xling_econometrics_0018,xling,R_random,cal
xling_econometrics_0058,xling,C0_exact,train
xling_econometrics_0058,xling,C1_en_rephrase,train
xling_econometrics_0058,xling,C1_zh_rephrase,train
xling_econometrics_0058,xling,H1_same_topic,train
xling_econometrics_0058,xling,H3_predating,train
xling_econometrics_0058,xling,R_random,train
xling_econometrics_0109,xling,C0_exact,train
xling_econometrics_0109,xling,C1_en_rephrase,train
xling_econometrics_0109,xling,C1_zh_rephrase,train
xling_econometrics_0109,xling,H1_same_topic,train
xling_econometrics_0109,xling,H3_predating,train
xling_econometrics_0109,xling,R_random,train
xling_econometrics_0083,xling,C0_exact,test
xling_econometrics_0083,xling,C1_en_rephrase,test
xling_econometrics_0083,xling,C1_zh_rephrase,test
xling_econometrics_0083,xling,H1_same_topic,test
xling_econometrics_0083,xling,H3_predating,test
xling_econometrics_0083,xling,R_random,test
xling_econometrics_0061,xling,C0_exact,train
xling_econometrics_0061,xling,C1_en_rephrase,train
xling_econometrics_0061,xling,C1_zh_rephrase,train
xling_econometrics_0061,xling,H1_same_topic,train
xling_econometrics_0061,xling,H3_predating,train
xling_econometrics_0061,xling,R_random,train
xling_econometrics_0085,xling,C0_exact,train
xling_econometrics_0085,xling,C1_en_rephrase,train
xling_econometrics_0085,xling,C1_zh_rephrase,train
xling_econometrics_0085,xling,H1_same_topic,train
xling_econometrics_0085,xling,H3_predating,train
xling_econometrics_0085,xling,R_random,train
xling_econometrics_0074,xling,C0_exact,train
xling_econometrics_0074,xling,C1_en_rephrase,train
xling_econometrics_0074,xling,C1_zh_rephrase,train
xling_econometrics_0074,xling,H1_same_topic,train
xling_econometrics_0074,xling,H3_predating,train
xling_econometrics_0074,xling,R_random,train
xling_econometrics_0079,xling,C0_exact,cal
xling_econometrics_0079,xling,C1_en_rephrase,cal
xling_econometrics_0079,xling,C1_zh_rephrase,cal
xling_econometrics_0079,xling,H1_same_topic,cal
xling_econometrics_0079,xling,H3_predating,cal
xling_econometrics_0079,xling,R_random,cal
xling_econometrics_0039,xling,C0_exact,cal
xling_econometrics_0039,xling,C1_en_rephrase,cal
xling_econometrics_0039,xling,C1_zh_rephrase,cal
xling_econometrics_0039,xling,H1_same_topic,cal
xling_econometrics_0039,xling,H3_predating,cal
xling_econometrics_0039,xling,R_random,cal
xling_econometrics_0017,xling,C0_exact,cal
xling_econometrics_0017,xling,C1_en_rephrase,cal
xling_econometrics_0017,xling,C1_zh_rephrase,cal
xling_econometrics_0017,xling,H1_same_topic,cal
xling_econometrics_0017,xling,H3_predating,cal
xling_econometrics_0017,xling,R_random,cal
xling_econometrics_0060,xling,C0_exact,cal
xling_econometrics_0060,xling,C1_en_rephrase,cal
xling_econometrics_0060,xling,C1_zh_rephrase,cal
xling_econometrics_0060,xling,H1_same_topic,cal
xling_econometrics_0060,xling,H3_predating,cal
xling_econometrics_0060,xling,R_random,cal
xling_econometrics_0000,xling,C0_exact,train
xling_econometrics_0000,xling,C1_en_rephrase,train
xling_econometrics_0000,xling,C1_zh_rephrase,train
xling_econometrics_0000,xling,H1_same_topic,train
xling_econometrics_0000,xling,H3_predating,train
xling_econometrics_0000,xling,R_random,train
xling_econometrics_0102,xling,C0_exact,cal
xling_econometrics_0102,xling,C1_en_rephrase,cal
xling_econometrics_0102,xling,C1_zh_rephrase,cal
xling_econometrics_0102,xling,H1_same_topic,cal
xling_econometrics_0102,xling,H3_predating,cal
xling_econometrics_0102,xling,R_random,cal
xling_econometrics_0046,xling,C0_exact,cal
xling_econometrics_0046,xling,C1_en_rephrase,cal
xling_econometrics_0046,xling,C1_zh_rephrase,cal
xling_econometrics_0046,xling,H1_same_topic,cal
xling_econometrics_0046,xling,H3_predating,cal
xling_econometrics_0046,xling,R_random,cal
xling_econometrics_0020,xling,C0_exact,test
xling_econometrics_0020,xling,C1_en_rephrase,test
xling_econometrics_0020,xling,C1_zh_rephrase,test
xling_econometrics_0020,xling,H1_same_topic,test
xling_econometrics_0020,xling,H3_predating,test
xling_econometrics_0020,xling,R_random,test
xling_econometrics_0033,xling,C0_exact,test
xling_econometrics_0033,xling,C1_en_rephrase,test
xling_econometrics_0033,xling,C1_zh_rephrase,test
xling_econometrics_0033,xling,H1_same_topic,test
xling_econometrics_0033,xling,H3_predating,test
xling_econometrics_0033,xling,R_random,test
xling_econometrics_0038,xling,C0_exact,test
xling_econometrics_0038,xling,C1_en_rephrase,test
xling_econometrics_0038,xling,C1_zh_rephrase,test
xling_econometrics_0038,xling,H1_same_topic,test
xling_econometrics_0038,xling,H3_predating,test
xling_econometrics_0038,xling,R_random,test
xling_econometrics_0014,xling,C0_exact,train
xling_econometrics_0014,xling,C1_en_rephrase,train
xling_econometrics_0014,xling,C1_zh_rephrase,train
xling_econometrics_0014,xling,H1_same_topic,train
xling_econometrics_0014,xling,H3_predating,train
xling_econometrics_0014,xling,R_random,train
xling_econometrics_0022,xling,C0_exact,train
xling_econometrics_0022,xling,C1_en_rephrase,train
xling_econometrics_0022,xling,C1_zh_rephrase,train
xling_econometrics_0022,xling,H1_same_topic,train
xling_econometrics_0022,xling,H3_predating,train
xling_econometrics_0022,xling,R_random,train
xling_econometrics_0090,xling,C0_exact,cal
xling_econometrics_0090,xling,C1_en_rephrase,cal
xling_econometrics_0090,xling,C1_zh_rephrase,cal
xling_econometrics_0090,xling,H1_same_topic,cal
xling_econometrics_0090,xling,H3_predating,cal
xling_econometrics_0090,xling,R_random,cal
xling_econometrics_0009,xling,C0_exact,train
xling_econometrics_0009,xling,C1_en_rephrase,train
xling_econometrics_0009,xling,C1_zh_rephrase,train
xling_econometrics_0009,xling,H1_same_topic,train
xling_econometrics_0009,xling,H3_predating,train
xling_econometrics_0009,xling,R_random,train
xling_econometrics_0104,xling,C0_exact,test
xling_econometrics_0104,xling,C1_en_rephrase,test
xling_econometrics_0104,xling,C1_zh_rephrase,test
xling_econometrics_0104,xling,H1_same_topic,test
xling_econometrics_0104,xling,H3_predating,test
xling_econometrics_0104,xling,R_random,test
xling_econometrics_0084,xling,C0_exact,cal
xling_econometrics_0084,xling,C1_en_rephrase,cal
xling_econometrics_0084,xling,C1_zh_rephrase,cal
xling_econometrics_0084,xling,H1_same_topic,cal
xling_econometrics_0084,xling,H3_predating,cal
xling_econometrics_0084,xling,R_random,cal
xling_econometrics_0004,xling,C0_exact,test
xling_econometrics_0004,xling,C1_en_rephrase,test
xling_econometrics_0004,xling,C1_zh_rephrase,test
xling_econometrics_0004,xling,H1_same_topic,test
xling_econometrics_0004,xling,H3_predating,test
xling_econometrics_0004,xling,R_random,test
xling_econometrics_0098,xling,C0_exact,test
xling_econometrics_0098,xling,C1_en_rephrase,test
xling_econometrics_0098,xling,C1_zh_rephrase,test
xling_econometrics_0098,xling,H1_same_topic,test
xling_econometrics_0098,xling,H3_predating,test
xling_econometrics_0098,xling,R_random,test
xling_econometrics_0075,xling,C0_exact,test
xling_econometrics_0075,xling,C1_en_rephrase,test
xling_econometrics_0075,xling,C1_zh_rephrase,test
xling_econometrics_0075,xling,H1_same_topic,test
xling_econometrics_0075,xling,H3_predating,test
xling_econometrics_0075,xling,R_random,test
xling_econometrics_0103,xling,C0_exact,train
xling_econometrics_0103,xling,C1_en_rephrase,train
xling_econometrics_0103,xling,C1_zh_rephrase,train
xling_econometrics_0103,xling,H1_same_topic,train
xling_econometrics_0103,xling,H3_predating,train
xling_econometrics_0103,xling,R_random,train
xling_econometrics_0095,xling,C0_exact,cal
xling_econometrics_0095,xling,C1_en_rephrase,cal
xling_econometrics_0095,xling,C1_zh_rephrase,cal
xling_econometrics_0095,xling,H1_same_topic,cal
xling_econometrics_0095,xling,H3_predating,cal
xling_econometrics_0095,xling,R_random,cal
xling_econometrics_0015,xling,C0_exact,train
xling_econometrics_0015,xling,C1_en_rephrase,train
xling_econometrics_0015,xling,C1_zh_rephrase,train
xling_econometrics_0015,xling,H1_same_topic,train
xling_econometrics_0015,xling,H3_predating,train
xling_econometrics_0015,xling,R_random,train
xling_econometrics_0053,xling,C0_exact,cal
xling_econometrics_0053,xling,C1_en_rephrase,cal
xling_econometrics_0053,xling,C1_zh_rephrase,cal
xling_econometrics_0053,xling,H1_same_topic,cal
xling_econometrics_0053,xling,H3_predating,cal
xling_econometrics_0053,xling,R_random,cal
xling_econometrics_0025,xling,C0_exact,test
xling_econometrics_0025,xling,C1_en_rephrase,test
xling_econometrics_0025,xling,C1_zh_rephrase,test
xling_econometrics_0025,xling,H1_same_topic,test
xling_econometrics_0025,xling,H3_predating,test
xling_econometrics_0025,xling,R_random,test
xling_econometrics_0093,xling,C0_exact,train
xling_econometrics_0093,xling,C1_en_rephrase,train
xling_econometrics_0093,xling,C1_zh_rephrase,train
xling_econometrics_0093,xling,H1_same_topic,train
xling_econometrics_0093,xling,H3_predating,train
xling_econometrics_0093,xling,R_random,train
xling_econometrics_0047,xling,C0_exact,cal
xling_econometrics_0047,xling,C1_en_rephrase,cal
xling_econometrics_0047,xling,C1_zh_rephrase,cal
xling_econometrics_0047,xling,H1_same_topic,cal
xling_econometrics_0047,xling,H3_predating,cal
xling_econometrics_0047,xling,R_random,cal
xling_econometrics_0008,xling,C0_exact,test
xling_econometrics_0008,xling,C1_en_rephrase,test
xling_econometrics_0008,xling,C1_zh_rephrase,test
xling_econometrics_0008,xling,H1_same_topic,test
xling_econometrics_0008,xling,H3_predating,test
xling_econometrics_0008,xling,R_random,test
xling_econometrics_0049,xling,C0_exact,cal
xling_econometrics_0049,xling,C1_en_rephrase,cal
xling_econometrics_0049,xling,C1_zh_rephrase,cal
xling_econometrics_0049,xling,H1_same_topic,cal
xling_econometrics_0049,xling,H3_predating,cal
xling_econometrics_0049,xling,R_random,cal
xling_global_facts_0050,xling,C0_exact,cal
xling_global_facts_0050,xling,C1_en_rephrase,cal
xling_global_facts_0050,xling,C1_zh_rephrase,cal
xling_global_facts_0050,xling,H1_same_topic,cal
xling_global_facts_0050,xling,H3_predating,cal
xling_global_facts_0050,xling,R_random,cal
xling_global_facts_0024,xling,C0_exact,test
xling_global_facts_0024,xling,C1_en_rephrase,test
xling_global_facts_0024,xling,C1_zh_rephrase,test
xling_global_facts_0024,xling,H1_same_topic,test
xling_global_facts_0024,xling,H3_predating,test
xling_global_facts_0024,xling,R_random,test
xling_global_facts_0018,xling,C0_exact,train
xling_global_facts_0018,xling,C1_en_rephrase,train
xling_global_facts_0018,xling,C1_zh_rephrase,train
xling_global_facts_0018,xling,H1_same_topic,train
xling_global_facts_0018,xling,H3_predating,train
xling_global_facts_0018,xling,R_random,train
xling_global_facts_0002,xling,C0_exact,cal
xling_global_facts_0002,xling,C1_en_rephrase,cal
xling_global_facts_0002,xling,C1_zh_rephrase,cal
xling_global_facts_0002,xling,H1_same_topic,cal
xling_global_facts_0002,xling,H3_predating,cal
xling_global_facts_0002,xling,R_random,cal
xling_global_facts_0063,xling,C0_exact,cal
xling_global_facts_0063,xling,C1_en_rephrase,cal
xling_global_facts_0063,xling,C1_zh_rephrase,cal
xling_global_facts_0063,xling,H1_same_topic,cal
xling_global_facts_0063,xling,H3_predating,cal
xling_global_facts_0063,xling,R_random,cal
xling_global_facts_0040,xling,C0_exact,train
xling_global_facts_0040,xling,C1_en_rephrase,train
xling_global_facts_0040,xling,C1_zh_rephrase,train
xling_global_facts_0040,xling,H1_same_topic,train
xling_global_facts_0040,xling,H3_predating,train
xling_global_facts_0040,xling,R_random,train
xling_global_facts_0047,xling,C0_exact,test
xling_global_facts_0047,xling,C1_en_rephrase,test
xling_global_facts_0047,xling,C1_zh_rephrase,test
xling_global_facts_0047,xling,H1_same_topic,test
xling_global_facts_0047,xling,H3_predating,test
xling_global_facts_0047,xling,R_random,test
xling_global_facts_0027,xling,C0_exact,train
xling_global_facts_0027,xling,C1_en_rephrase,train
xling_global_facts_0027,xling,C1_zh_rephrase,train
xling_global_facts_0027,xling,H1_same_topic,train
xling_global_facts_0027,xling,H3_predating,train
xling_global_facts_0027,xling,R_random,train
xling_global_facts_0097,xling,C0_exact,train
xling_global_facts_0097,xling,C1_en_rephrase,train
xling_global_facts_0097,xling,C1_zh_rephrase,train
xling_global_facts_0097,xling,H1_same_topic,train
xling_global_facts_0097,xling,H3_predating,train
xling_global_facts_0097,xling,R_random,train
xling_global_facts_0059,xling,C0_exact,train
xling_global_facts_0059,xling,C1_en_rephrase,train
xling_global_facts_0059,xling,C1_zh_rephrase,train
xling_global_facts_0059,xling,H1_same_topic,train
xling_global_facts_0059,xling,H3_predating,train
xling_global_facts_0059,xling,R_random,train
xling_global_facts_0080,xling,C0_exact,test
xling_global_facts_0080,xling,C1_en_rephrase,test
xling_global_facts_0080,xling,C1_zh_rephrase,test
xling_global_facts_0080,xling,H1_same_topic,test
xling_global_facts_0080,xling,H3_predating,test
xling_global_facts_0080,xling,R_random,test
xling_global_facts_0093,xling,C0_exact,cal
xling_global_facts_0093,xling,C1_en_rephrase,cal
xling_global_facts_0093,xling,C1_zh_rephrase,cal
xling_global_facts_0093,xling,H1_same_topic,cal
xling_global_facts_0093,xling,H3_predating,cal
xling_global_facts_0093,xling,R_random,cal
xling_global_facts_0034,xling,C0_exact,train
xling_global_facts_0034,xling,C1_en_rephrase,train
xling_global_facts_0034,xling,C1_zh_rephrase,train
xling_global_facts_0034,xling,H1_same_topic,train
xling_global_facts_0034,xling,H3_predating,train
xling_global_facts_0034,xling,R_random,train
xling_global_facts_0068,xling,C0_exact,train
xling_global_facts_0068,xling,C1_en_rephrase,train
xling_global_facts_0068,xling,C1_zh_rephrase,train
xling_global_facts_0068,xling,H1_same_topic,train
xling_global_facts_0068,xling,H3_predating,train
xling_global_facts_0068,xling,R_random,train
xling_global_facts_0015,xling,C0_exact,cal
xling_global_facts_0015,xling,C1_en_rephrase,cal
xling_global_facts_0015,xling,C1_zh_rephrase,cal
xling_global_facts_0015,xling,H1_same_topic,cal
xling_global_facts_0015,xling,H3_predating,cal
xling_global_facts_0015,xling,R_random,cal
xling_global_facts_0032,xling,C0_exact,cal
xling_global_facts_0032,xling,C1_en_rephrase,cal
xling_global_facts_0032,xling,C1_zh_rephrase,cal
xling_global_facts_0032,xling,H1_same_topic,cal
xling_global_facts_0032,xling,H3_predating,cal
xling_global_facts_0032,xling,R_random,cal
xling_global_facts_0073,xling,C0_exact,train
xling_global_facts_0073,xling,C1_en_rephrase,train
xling_global_facts_0073,xling,C1_zh_rephrase,train
xling_global_facts_0073,xling,H1_same_topic,train
xling_global_facts_0073,xling,H3_predating,train
xling_global_facts_0073,xling,R_random,train
xling_global_facts_0019,xling,C0_exact,train
xling_global_facts_0019,xling,C1_en_rephrase,train
xling_global_facts_0019,xling,C1_zh_rephrase,train
xling_global_facts_0019,xling,H1_same_topic,train
xling_global_facts_0019,xling,H3_predating,train
xling_global_facts_0019,xling,R_random,train
xling_global_facts_0013,xling,C0_exact,train
xling_global_facts_0013,xling,C1_en_rephrase,train
xling_global_facts_0013,xling,C1_zh_rephrase,train
xling_global_facts_0013,xling,H1_same_topic,train
xling_global_facts_0013,xling,H3_predating,train
xling_global_facts_0013,xling,R_random,train
xling_global_facts_0064,xling,C0_exact,cal
xling_global_facts_0064,xling,C1_en_rephrase,cal
xling_global_facts_0064,xling,C1_zh_rephrase,cal
xling_global_facts_0064,xling,H1_same_topic,cal
xling_global_facts_0064,xling,H3_predating,cal
xling_global_facts_0064,xling,R_random,cal
xling_global_facts_0045,xling,C0_exact,test
xling_global_facts_0045,xling,C1_en_rephrase,test
xling_global_facts_0045,xling,C1_zh_rephrase,test
xling_global_facts_0045,xling,H1_same_topic,test
xling_global_facts_0045,xling,H3_predating,test
xling_global_facts_0045,xling,R_random,test
xling_global_facts_0011,xling,C0_exact,train
xling_global_facts_0011,xling,C1_en_rephrase,train
xling_global_facts_0011,xling,C1_zh_rephrase,train
xling_global_facts_0011,xling,H1_same_topic,train
xling_global_facts_0011,xling,H3_predating,train
xling_global_facts_0011,xling,R_random,train
xling_global_facts_0060,xling,C0_exact,test
xling_global_facts_0060,xling,C1_en_rephrase,test
xling_global_facts_0060,xling,C1_zh_rephrase,test
xling_global_facts_0060,xling,H1_same_topic,test
xling_global_facts_0060,xling,H3_predating,test
xling_global_facts_0060,xling,R_random,test
xling_global_facts_0090,xling,C0_exact,test
xling_global_facts_0090,xling,C1_en_rephrase,test
xling_global_facts_0090,xling,C1_zh_rephrase,test
xling_global_facts_0090,xling,H1_same_topic,test
xling_global_facts_0090,xling,H3_predating,test
xling_global_facts_0090,xling,R_random,test
xling_global_facts_0058,xling,C0_exact,train
xling_global_facts_0058,xling,C1_en_rephrase,train
xling_global_facts_0058,xling,C1_zh_rephrase,train
xling_global_facts_0058,xling,H1_same_topic,train
xling_global_facts_0058,xling,H3_predating,train
xling_global_facts_0058,xling,R_random,train
xling_global_facts_0065,xling,C0_exact,train
xling_global_facts_0065,xling,C1_en_rephrase,train
xling_global_facts_0065,xling,C1_zh_rephrase,train
xling_global_facts_0065,xling,H1_same_topic,train
xling_global_facts_0065,xling,H3_predating,train
xling_global_facts_0065,xling,R_random,train
xling_global_facts_0016,xling,C0_exact,train
xling_global_facts_0016,xling,C1_en_rephrase,train
xling_global_facts_0016,xling,C1_zh_rephrase,train
xling_global_facts_0016,xling,H1_same_topic,train
xling_global_facts_0016,xling,H3_predating,train
xling_global_facts_0016,xling,R_random,train
xling_global_facts_0055,xling,C0_exact,test
xling_global_facts_0055,xling,C1_en_rephrase,test
xling_global_facts_0055,xling,C1_zh_rephrase,test
xling_global_facts_0055,xling,H1_same_topic,test
xling_global_facts_0055,xling,H3_predating,test
xling_global_facts_0055,xling,R_random,test
xling_global_facts_0001,xling,C0_exact,test
xling_global_facts_0001,xling,C1_en_rephrase,test
xling_global_facts_0001,xling,C1_zh_rephrase,test
xling_global_facts_0001,xling,H1_same_topic,test
xling_global_facts_0001,xling,H3_predating,test
xling_global_facts_0001,xling,R_random,test
xling_global_facts_0061,xling,C0_exact,train
xling_global_facts_0061,xling,C1_en_rephrase,train
xling_global_facts_0061,xling,C1_zh_rephrase,train
xling_global_facts_0061,xling,H1_same_topic,train
xling_global_facts_0061,xling,H3_predating,train
xling_global_facts_0061,xling,R_random,train
xling_global_facts_0037,xling,C0_exact,cal
xling_global_facts_0037,xling,C1_en_rephrase,cal
xling_global_facts_0037,xling,C1_zh_rephrase,cal
xling_global_facts_0037,xling,H1_same_topic,cal
xling_global_facts_0037,xling,H3_predating,cal
xling_global_facts_0037,xling,R_random,cal
xling_global_facts_0049,xling,C0_exact,test
xling_global_facts_0049,xling,C1_en_rephrase,test
xling_global_facts_0049,xling,C1_zh_rephrase,test
xling_global_facts_0049,xling,H1_same_topic,test
xling_global_facts_0049,xling,H3_predating,test
xling_global_facts_0049,xling,R_random,test
xling_global_facts_0028,xling,C0_exact,cal
xling_global_facts_0028,xling,C1_en_rephrase,cal
xling_global_facts_0028,xling,C1_zh_rephrase,cal
xling_global_facts_0028,xling,H1_same_topic,cal
xling_global_facts_0028,xling,H3_predating,cal
xling_global_facts_0028,xling,R_random,cal
xling_global_facts_0041,xling,C0_exact,train
xling_global_facts_0041,xling,C1_en_rephrase,train
xling_global_facts_0041,xling,C1_zh_rephrase,train
xling_global_facts_0041,xling,H1_same_topic,train
xling_global_facts_0041,xling,H3_predating,train
xling_global_facts_0041,xling,R_random,train
xling_global_facts_0089,xling,C0_exact,test
xling_global_facts_0089,xling,C1_en_rephrase,test
xling_global_facts_0089,xling,C1_zh_rephrase,test
xling_global_facts_0089,xling,H1_same_topic,test
xling_global_facts_0089,xling,H3_predating,test
xling_global_facts_0089,xling,R_random,test
xling_global_facts_0053,xling,C0_exact,test
xling_global_facts_0053,xling,C1_en_rephrase,test
xling_global_facts_0053,xling,C1_zh_rephrase,test
xling_global_facts_0053,xling,H1_same_topic,test
xling_global_facts_0053,xling,H3_predating,test
xling_global_facts_0053,xling,R_random,test
xling_global_facts_0048,xling,C0_exact,train
xling_global_facts_0048,xling,C1_en_rephrase,train
xling_global_facts_0048,xling,C1_zh_rephrase,train
xling_global_facts_0048,xling,H1_same_topic,train
xling_global_facts_0048,xling,H3_predating,train
xling_global_facts_0048,xling,R_random,train
xling_global_facts_0031,xling,C0_exact,test
xling_global_facts_0031,xling,C1_en_rephrase,test
xling_global_facts_0031,xling,C1_zh_rephrase,test
xling_global_facts_0031,xling,H1_same_topic,test
xling_global_facts_0031,xling,H3_predating,test
xling_global_facts_0031,xling,R_random,test
xling_global_facts_0099,xling,C0_exact,cal
xling_global_facts_0099,xling,C1_en_rephrase,cal
xling_global_facts_0099,xling,C1_zh_rephrase,cal
xling_global_facts_0099,xling,H1_same_topic,cal
xling_global_facts_0099,xling,H3_predating,cal
xling_global_facts_0099,xling,R_random,cal
xling_global_facts_0025,xling,C0_exact,train
xling_global_facts_0025,xling,C1_en_rephrase,train
xling_global_facts_0025,xling,C1_zh_rephrase,train
xling_global_facts_0025,xling,H1_same_topic,train
xling_global_facts_0025,xling,H3_predating,train
xling_global_facts_0025,xling,R_random,train
